ID,Title,ISBN,no,"
Proposed_by",Book_number
1,The Art of Communication,9.78144E+12,1,Mairenallen Joy Basilio,P90 .F783 2016
2,The Global Rise of Asian Transformation,9.78114E+12,1,Mairenallen Joy Basilio,HC412 .H784 2014
3,Media Effects and Society,9.78042E+12,1,Mairenallen Joy Basilio,P94 .P384 2017
4,Cross-Cultural Journalism: Communicating Strategically About Diversity,9.78114E+12,1,Mairenallen Joy Basilio,PN4749 .C76 2016
5,Lexical Processing and Second Language Acquisition,9.78042E+12,1,ดร.ฑิฆัมพร ซุฒิพรพงษ์,P118.2 .T65 2015
6,Second Language Sentence Processing,9.78042E+12,1,ดร.ฑิฆัมพร ซุฒิพรพงษ์,P118.2 .J87 2015
7,Theories in Second Language Acquisition,9.78042E+12,1,ดร.ฑิฆัมพร ซุฒิพรพงษ์,P118.2 .T45 2015
8,Corpus Linguistics for Grammar,9.78042E+12,1,ดร.ฑิฆัมพร ซุฒิพรพงษ์,PE1128.A2 J76 2015
9,Teaching and Researching: Reading,9.78141E+12,1,ดร.ฑิฆัมพร ซุฒิพรพงษ์,LB1050 .G668 2013
10,The Diagnosis of Reading in a Second or Foreign Language,9.78042E+12,1,ดร.ฑิฆัมพร ซุฒิพรพงษ์,P118.2 .D53 2015
11,A Functional Discourse Grammar for English,9.7802E+12,1,ดร.ฑิฆัมพร วุฒิพรพงษ์,P167 .K45 2015
12,อ่านวรรณกรรม GEN Z,9.78616E+12,2,ดร.สิทธินันท์ ศรีอ่อน,PL4200.5 ร556 2560
13,นานมาแล้ว :มีเรื่องเล่า นิทาน ตำนาน ชีวิต,9.78974E+12,2,ผศ ชญานนท์ แสงศรีจันทร์,GR312 ป141น 2556
14,ทฤษฎีคติชนวิทยา :วิธีวิทยาในการวิเคราะห์ตำนาน- นิทานพื้นบ้าน,,2,ผศ ชญานนท์ แสงศรีจันทร์,GR312 ศ444ท 2557
15,การวิจัยวรรณคดี,9.78975E+12,2,ผศ ชญานนท์ แสงศรีจันทร์,PN73 ก732 2556
16,ภาษาไทยสำหรับชาวต่างชาติ (THAI FOR A FOREIGNERS),9.78616E+12,5,ผศ.ชมพูนุท ธารีเธียร,PL4158.8 ส184 2559
17,ไวยากรณ์ของนิทาน :การศึกษานิทานเชิงโครงสร้าง,9.78617E+12,5,ผศ.ชมพูนุท ธารีเธียร,GR550 976 2557
18,ไวยากรณ์ไทย :หนังสือชุดบรมราชกุมารีอักษรานุรักษ์ คณะอักษรศาสตร์ จุฬาลงกรณ์มหาวิทยาลัย ลำดับ 5,9.78617E+12,5,ผศ.ชมพูนุท ธารีเธียร,PL4161 น352 2558
19,"ภาษากฎหมายไทย (เพิ่มบทความชื่อ ""คำอภิปรายเรื่องภาษากฎหมายไทย"")",9.78616E+12,5,ผศ.ชมพูนุท ธารีเธียร,KPT92 ธ515ภ 2555
20,ภาษาและภาษาศาสตร์,9.78616E+12,5,ผศ.ชมพูนุท ธารีเธียร,P121 ภ487 2559
21,ประวัติศาสตร์ไทยร่วมสมัย (A HISTORY OF THAILAND),9.78974E+12,1,ผศ.สมศรี ชัยวณิชยา,DS571 บ773 2559
22,ประวัติศาสตร์อีสาน,9.78616E+12,1,ผศ.สมศรี ชัยวณิชยา,DS588 ต761 2557
23,The Multilingual Turn: Implications for SLA,9.78042E+12,1,สาขาภาษาอังกฤษและการสื่อสาร,P118.2 .M86 2014
24,World Englishes Paperback with Audio CD,9.78052E+12,1,สาขาภาษาอังกฤษและการสื่อสาร,PE1066 .K57 2007
25,Analysing Sentences: An Introduction to English Syntax,9.78114E+12,1,สาขาภาษาอังกฤษและการสื่อสาร,PE1375 .B87 2016
26,Morphology and Lexical Semantics,9.78052E+12,1,สาขาภาษาอังกฤษและการสื่อสาร,P245 .L54 2008
27,An Introduction to English Morphology: Words and Their Structure,9.78075E+12,1,สาขาภาษาอังกฤษและการสื่อสาร,PE1171 .C27 2002
28,Contemporary Fiction : A Very Short Introduction,9.7802E+12,1,สาขาภาษาอังกฤษและการสื่อสาร,PR889 .E15 2013
29,Motherless Tongues : The Insurgency of Language Amid Wars of Translation,9.78082E+12,1,สาขาภาษาอังกฤษและการสื่อสาร,P119.32.P45 R34 2016
30,Psychoanalysis : A Very Short Introduction,9.7802E+12,1,สาขาภาษาอังกฤษและการสื่อสาร,BF173 .P572 2015
31,Queer Wars,9.78075E+12,1,สาขาภาษาอังกฤษและการสื่อสาร,HQ76.5 .A39 2016
32,Capital : An Abridged Edition,9.7802E+12,1,สาขาภาษาอังกฤษและการสื่อสาร,HB501 .M392 2008
33,A Room of One's Own and Three Guineas,9.7802E+12,1,สาขาภาษาอังกฤษและการสื่อสาร,PR6045.O72 W913 2015
34,Studying Plays,9.78034E+12,1,สาขาภาษาอังกฤษและการสื่อสาร,PN1707 .W32 2016
35,The Odyssey,9.7802E+12,1,สาขาภาษาอังกฤษและการสื่อสาร,PA4025.A5 H766 2008
36,The Iliad,9.7802E+12,1,สาขาภาษาอังกฤษและการสื่อสาร,PA4025.A2 H766 2008
37,Selected Tales,9.7802E+12,1,สาขาภาษาอังกฤษและการสื่อสาร,PT921 .G864 2009
38,Home,9.78147E+12,1,สาขาภาษาอังกฤษและการสื่อสาร,Sst .S884H 2013
39,Under Western Eyes,9.7802E+12,1,สาขาภาษาอังกฤษและการสื่อสาร,Fic .C754 2008
40,Longing,9.78147E+12,1,สาขาภาษาอังกฤษและการสื่อสาร,Sst .B789L 2013
41,40 Short Stories : A Portable Anthology,9.78132E+12,1,สาขาภาษาอังกฤษและการสื่อสาร,PN6120.2 .A15 2017
42,The Canon in Southeast Asian Literature,9.78114E+12,1,สาขาภาษาอังกฤษและการสื่อสาร,PL3508.05 .C36 2000
43,Analysing English Sentences (Cambridge Textbooks in Linguistics),9.78052E+12,1,สาขาภาษาอังกฤษและการสื่อสาร,PE1361 .R327 2016
44,Conversation Analysis (Cambridge Textbooks in Linguistics),9.78052E+13,1,สาขาภาษาอังกฤษและการสื่อสาร,P95.45 .C63 2016
45,Language Change (Cambridge Textbooks in Linguistics),9.78111E+12,1,สาขาภาษาอังกฤษและการสื่อสาร,P142 .B93 2015
46,Figurative Language (Cambridge Textbooks in Linguistics),9.78052E+12,1,สาขาภาษาอังกฤษและการสื่อสาร,P301.5.F53 D36 2014
47,Relevance Theory (Cambridge Textbooks in Linguistics),9.78052E+12,1,สาขาภาษาอังกฤษและการสื่อสาร,P99.4.R44 C57 2013
48,Evolutionary Linguistics,9.78052E+12,1,สาขาภาษาอังกฤษและการสื่อสาร,P116 .M45 2013
49,Clitics : An Introduction (Cambridge Textbooks in Linguistics),9.78052E+12,1,สาขาภาษาอังกฤษและการสื่อสาร,P288 .S67 2012
50,Evolutionary Linguistics (Cambridge Textbooks in Linguistics),9.78052E+12,1,สาขาภาษาอังกฤษและการสื่อสาร,P116 .M45 2013
51,Person (Cambridge Textbooks in Linguistics),9.78052E+12,1,สาขาภาษาอังกฤษและการสื่อสาร,P240.85 .S56 2004
52,Stylistics (Cambridge Textbooks in Linguistics),9.78052E+12,1,สาขาภาษาอังกฤษและการสื่อสาร,P240.85 .S56 2004
53,Agreement (Cambridge Textbooks in Linguistics),9.78052E+12,1,สาขาภาษาอังกฤษและการสื่อสาร,P299.A35 C67 2006
54,Cognitive Linguistics (Cambridge Textbooks in Linguistics),9.78052E+12,1,สาขาภาษาอังกฤษและการสื่อสาร,P165 .C76 2005
55,Grammaticalization (Cambridge Textbooks in Linguistics),9.78052E+12,1,สาขาภาษาอังกฤษและการสื่อสาร,P299.G73 H66 2003
56,Binding Theory (Cambridge Textbooks in Linguistics),9.78052E+12,1,สาขาภาษาอังกฤษและการสื่อสาร,P158.2 .B87 2005
57,Theories of Case (Cambridge Textbooks in Linguistics),9.78052E+12,1,สาขาภาษาอังกฤษและการสื่อสาร,P240.6 .B88 2006
58,Lexical Meaning (Cambridge Textbooks in Linguistics),9.78052E+12,1,สาขาภาษาอังกฤษและการสื่อสาร,P325 .M824 2010
59,Language Contact (Cambridge Textbooks in Linguistics),9.78052E+12,1,สาขาภาษาอังกฤษและการสื่อสาร,P115 .M38 2009
60,Pragmatics and Grammar (Cambridge Textbooks in Linguistics),9.78052E+12,1,สาขาภาษาอังกฤษและการสื่อสาร,P99.4.P72 A75 2008
61,"Register, Genre, and Style",9.78052E+12,1,สาขาภาษาอังกฤษและการสื่อสาร,P302.815 .B536 2009
62,Understanding Minimalism (Cambridge Textbooks in Linguistics),9.78052E+12,1,สาขาภาษาอังกฤษและการสื่อสาร,P158.28 .H67 2005
63,Pragmatics and Grammar,9.78052E+12,1,สาขาภาษาอังกฤษและการสื่อสาร,P99.4.P72 A75 2008
64,Typology and Universals,9.78052E+12,1,สาขาภาษาอังกฤษและการสื่อสาร,P204 .C941 2006
65,Introduction to Word Grammar,9.78052E+12,1,สาขาภาษาอังกฤษและการสื่อสาร,PE1112 .H823 2010
66,The Cambridge Handbook of Linguistic Anthropology,9.78111E+12,1,สาขาภาษาอังกฤษและการสื่อสาร,P35 .C25 2014
67,Heteroglossia as Practice and Pedagogy,9.7894E+12,1,สาขาภาษาอังกฤษและการสื่อสาร,P40 .H589 2014
68,Language and Superdiversity,9.78114E+12,1,สาขาภาษาอังกฤษและการสื่อสาร,P115.45 .L36 2016
69,Consumer Driven Innovation in Food and Personal Care Products,9.78185E+12,1,สาขาภาษาอังกฤษและการสื่อสาร,TP370.5 .C66 2010
70,The SAGE Handbook of Qualitative Research,9.78141E+12,1,สาขาภาษาอังกฤษและการสื่อสาร,H62 .S129 2011
71,Fundamentals of Physical Geography,9.78054E+12,1,สาขาภาษาอังกฤษและการสื่อสาร,GB54.5 .P475 2011
72,"Tourism Social Media : Transformations in Identity, Community and Culture",9.78178E+12,1,สาขาภาษาอังกฤษและการสื่อสาร,G155.A1 T727 2013
73,Innovation and Entrepreneurship,9.78112E+12,1,สาขาภาษาอังกฤษและการสื่อสาร,HD53 .B476 2015
74,Exploring Digital Communication : Language in Action,9.78042E+12,1,สาขาภาษาอังกฤษและการสื่อสาร,P96.T42 T33 2015
75,The Nature of Asian Politics,9.78052E+12,1,สาขาภาษาอังกฤษและการสื่อสาร,JQ36 G475 2014
76,Philosophy of Religion : Towards A More Humane Approach,9.78111E+12,1,สาขาภาษาอังกฤษและการสื่อสาร,BL51 .C6785 2014
77,The Key Texts of Political Philosophy : An Introduction,9.78052E+12,1,สาขาภาษาอังกฤษและการสื่อสาร,JA71 .P3383 2014
78,"Tourism Geography : Critical Understandings of Place, Space and Experience",9.78042E+12,1,สาขาภาษาอังกฤษและการสื่อสาร,G155.A1 W719 2015
79,Media and Society,9.78145E+12,1,สาขาภาษาอังกฤษและการสื่อสาร,HM1206 .C258 2015
80,ลพบุรี หลังวัฒนธรรมเขมร ศิลปวัฒนธรรมพิเศษ,9.78974E+12,1,สาขาวิชาประวัติศาสตร์,DS589.L67 ศ324 2559
81,ความสัมพันธ์ระหว่างชนชั้นปกครองของล้านนาและสุโขทัย ข้อคิดใหม่และข้อสังเกตบางประการ,9.78974E+12,1,สาขาวิชาประวัติศาสตร์,DS578 ฉ429 2559
82,เมื่อตะวันออกล่าอาณานิคม ศตวรรษที่ 15-19,9.78617E+12,1,สาขาวิชาประวัติศาสตร์,JV221 ร798 2559
83,ยุคมืดของประวัติศาสตร์ไทย หลังบายน พุทธเถรวาท การเข้ามาของคนไท :ศิลปวัฒนธรรม ฉบับพิเศษ.,9.78974E+12,1,สาขาวิชาประวัติศาสตร์,DS561.5 ย333 2559
84,ประวัติศาสตร์รัฐไทยและสังคมไทย,9.78975E+12,1,สาขาวิชาประวัติศาสตร์,DS571 ส656 2558
85,พระราชพงศาวดารกรุงรัตนโกสินทร์ รัชกาลที่ 5,9.78617E+12,1,สาขาวิชาประวัติศาสตร์,DS582 ด495 2559
86,การศึกษาในสมัยรัชกาลที่ 7 : ขยายโอกาส มุ่งคุณภาพ พร้อมคุณธรรม,9.78617E+12,1,สาขาวิชาประวัติศาสตร์,LA1221 ป711 2559
87,คำให้การของชาวกรุงเทพฯ เมืองไทยสมัยรัชกาลที่ 8.,9.78616E+12,1,สาขาวิชาประวัติศาสตร์,DS585 ว555 2559
88,ก่อนกำแพงเบอร์ลินจะสิ้นสูญ,9.78616E+12,1,สาขาวิชาประวัติศาสตร์,DD289 บ176 2559
89,สยามในโลกสากล : สมุดภาพ,9.78616E+12,1,สาขาวิชาประวัติศาสตร์,DS571 ก976 2559
90,การเมืองในการทหารไทย สมัยรัชกาลที่ 6 ศิลปวัฒนธรรม ฉบับพิเศษ.,9.78974E+12,1,สาขาวิชาประวัติศาสตร์,DS583 ท595 2559
91,สุลต่านลุ่มทะเลสาบสงขลา,9.78616E+12,1,สาขาวิชาประวัติศาสตร์,DS570.M85 อ618 2557
92,ประวัติการเมืองไทยสยาม พ.ศ. 2475-2500 :หนังสือชุดประวัติศาสตร์การเมืองไทยร่วมสมัย เนื่องในโอกาส 100,9.78617E+12,1,สาขาวิชาประวัติศาสตร์,JQ1745 ช495 2559
93,ประวัติเอเชียตะวันออกเฉียงใต้,9.78617E+12,1,สาขาวิชาประวัติศาสตร์,DS525 ท322ป 2559
94,150 ปี ประวัติศาสตร์จีนยุค ป่วยไข้ จากสงครามฝิ่นสู่มหาอำนาจโลก,9.78616E+12,1,สาขาวิชาประวัติศาสตร์,DS754 ว844 2555
95,ประวัติศาสตร์เกาหลี แผ่นดินแห่งความแตกแยกจากอ อดีตจนถึงปัจจุบัน,9.78617E+12,1,สาขาวิชาประวัติศาสตร์,DS907.18 ว844 2555
96,ประวัติศาสตร์พม่า แผ่นดินแห่งความแตกแยก,9.78616E+12,1,สาขาวิชาประวัติศาสตร์,DS528.5 อ618 2556
97,ประวัติศาสตร์ลาว : ดินแดนแห่งหุบเขาและความเปลี่ยนแปลง,9.78616E+12,1,สาขาวิชาประวัติศาสตร์,DS555.5 อ618 2558
98,แผ่นดินอาหรับ ประวัติศาสตร์และความเปลี่ยนแปลง,9.78616E+12,1,สาขาวิชาประวัติศาสตร์,DS215 อ169 2556
99,กรีก-โรมัน ประวัติศาสตร์และอารยธรรม ต้นธารภูม มิปัญญาและวิทยาการแห่งโลกตะวันตก,9.78616E+12,1,สาขาวิชาประวัติศาสตร์,DE86 ช112 2556
100,ประวัติศาสตร์พม่า,9.78617E+12,1,สาขาวิชาประวัติศาสตร์,DS649.3 ท638 2558
101,ติมอร์ตะวันออก : เส้นทางสู่เอกราช,9.78617E+12,1,สาขาวิชาประวัติศาสตร์,DS649.3 ท638 2558
102,ประวัติศาสตร์ลาว,9.78617E+12,1,สาขาวิชาประวัติศาสตร์,DS555.5 ส155 2558
103,ประวัติศาสตร์เศรษฐกิจของฟิลิปปินส์,9.78617E+12,1,สาขาวิชาประวัติศาสตร์,HC453 ค189 2556
104,ประวัติศาสตร์นิพนธ์โลกตะวันตก,9.78974E+12,1,สาขาวิชาประวัติศาสตร์,D13 ว169 2555
105,โลกตะวันตกก่อน ค.ศ. 1492,9.78999E+12,1,สาขาวิชาประวัติศาสตร์,CB245 อ169 2559
106,"สี่จังหวัดชายแดนภาคใต้ ปัตตานี, ยะลา, นราธิวาส, สตูล",9.78616E+12,1,สาขาวิชาประวัติศาสตร์,DS588.S6 ส752 2555
107,อินเดียศึกษา : การเมืองการปกครอง การต่างประเทศ ศาสนา สังคมและวัฒนธรรม,9.78974E+12,1,สาขาวิชาประวัติศาสตร์,DS445 จ154 2559
108,ประชุมพระราชนิพนธ์ในรัชกาลที่ 5 ภาคปกิณกะ 2.,9.78617E+12,1,สาขาวิชาประวัติศาสตร์,DS582 จ657
109,ประชุมพระราชนิพนธ์ในรัชกาลที่ 5 ภาคปกิณกะ 1 / พระบาทสมเด็จพระจุลจอมเกล้าเจ้าอยู่หัว,9.78617E+12,1,สาขาวิชาประวัติศาสตร์,DS582 จ657
110,ทรรปณะประวัติศาสตร์ยุโรปในคริสต์ศตวรรษที่ 20,9.78975E+12,1,สาขาวิชาประวัติศาสตร์,D424 ส553
111,แนวคิดและแนวทางการศึกษาประวัติศาสตร์ท้องถิ่น.,9.78617E+12,1,สาขาวิชาประวัติศาสตร์,DS588.N67 ท231 2554
112,พระเจ้าแผ่นดินของเราและเหตุการณ์สำคัญในรัชสมัย,9.78617E+12,1,สาขาวิชาประวัติศาสตร์,DS586 พ232 2558
113,มรดกความทรงจำแห่งนพบุรีศรีลโวทัยปุระ : ว่าด้วยโคลงเฉลิมพระเกียรติสมแด็จพระนารายณ์ฯ และจารึกโบราณแห่งเมืองละโว้,9.78617E+12,1,สาขาวิชาประวัติศาสตร์,DS589.L67 ม192 2558
114,มรดกความทรงจำแห่งเมืองศรีสัชนาลัย-สุโขทัย ประมวลจารึกสมัยพระยาลิไทย.,9.78617E+12,1,สาขาวิชาประวัติศาสตร์,DS589.S85 ม192 2558
115,การจราจลสมัยศรีอยุธยา,9.78617E+12,1,สาขาวิชาประวัติศาสตร์,DS578 พ343 2558
116,ประวัติศาสตร์เวียดนาม ใต้เงามหาอำนาจ สู่เอกราชแห่งแผ่นดิน,9.78616E+12,1,สาขาวิชาประวัติศาสตร์,DS556.5 อ618ป 2558
117,จดหมายเหตุเรื่องทรงตั้งพระบรมวงศานุวงศ์กรุงรัตนโกสินทร์ เล่ม 1 พ.ศ.2457 และเล่ม 2 พ.ศ.2463,9.78617E+12,1,สาขาวิชาประวัติศาสตร์,CS1254 จ132 2558
118,สารานุกรมประประวัติศาสตร์ไทย,9.78617E+12,1,สาขาวิชาประวัติศาสตร์,DS571 ส254 2553
119,ในยุคอวสาน กรุงศรีฯ ไม่เคยเสื่อม ศิลปวัฒนธรรม ฉบับพิเศษ,9.78974E+12,1,สาขาวิชาประวัติศาสตร์,DS577 น967 2558
120,บันทึกการเดินทางของอ็องรี มูโอต์,9.78974E+12,1,สาขาวิชาประวัติศาสตร์,DS522.3 ม691 2559
121,พงศาวดารโยนก,9.78617E+12,1,สาขาวิชาประวัติศาสตร์,DS588.N6 ป234 2557
122,พระประวัติสมเด็จพระนเรศวรมหาราช ศิลปวัฒนธรรม ฉบับพิเศษ.,9.78974E+12,1,สาขาวิชาประวัติศาสตร์,DS577 ด495 2555
123,จดหมายจากอินเดีย 2505-2508,9.78617E+12,1,สาขาวิชาประวัติศาสตร์,DS436 ฉ236 2552
124,นายในสมัยรัชกาลที่ 6 ศิลปวัฒนธรรม ฉบับพิเศษ,9.78974E+12,1,สาขาวิชาประวัติศาสตร์,DS583 ช462 2559
125,ไบเซนไทน์ : รุ่งอรุณใหม่แห่งโรมัน,9.78616E+12,1,สาขาวิชาประวัติศาสตร์,DF550 อ544 2558
126,ทวารวดีในอีสาน :ศิลปวัฒนธรรมฉบับพิเศษ,9.78974E+12,1,สาขาวิชาประวัติศาสตร์,N7321 ร636 2558
127,มะละกา ปัตตาเวีย มะนิลา ปีนัง จักรวรรดิตะวันตตกยุคล่าอาณานิคมตะวันออก.,9.78616E+12,1,สาขาวิชาประวัติศาสตร์,DS596 ส661 2558
128,ประชุมพระราชนิพนธ์ในรัชกาลที่ 5 ภาคปกิณกะ 3.,9.78617E+12,1,สาขาวิชาประวัติศาสตร์,DS582 จ657
129,กำเนิดสยามจากแผนที่ (Siam Mapped),9.78617E+12,1,สาขาวิชาประวัติศาสตร์,DS563.7 ธ118 2556
130,ประวัติศาสตร์ ศาสนา วัฒนธรรม และการศึกษา,9.78975E+12,1,สาขาวิชาประวัติศาสตร์,DS571 ป372 2556
131,เศรษฐกิจไทยในสมัยรัชกาลที่ 7 รักษาเสถียรภาพ ป ปูพื้นฐานการพัฒนา,9.78617E+12,1,สาขาวิชาประวัติศาสตร์,DS584 พ488 2558
132,พระราชพงศาวดารกรุงรัตนโกสินทร์ รัชกาลที่ 2 ฉบับเจ้าพระยาทิพากรวงศ์ (ขำ บุนนาค),9.78974E+12,1,สาขาวิชาประวัติศาสตร์,DS579 ท644
133,เศรษฐกินการเมืองจีน,9.78617E+12,1,สาขาวิชาประวัติศาสตร์,HC427.92 ว287 2557
134,ยุทธมรรคา เส้นทางเดินทัพ ไทย-เขมร,9.78974E+12,1,สาขาวิชาประวัติศาสตร์,DS571 ศ343 2557
135,ประวัติศาสตร์บรูไน,9.78617E+12,1,สาขาวิชาประวัติศาสตร์,DS650.5 บ284 2557
136,ประวัติศาสตร์มาเลเซีย,9.78617E+13,1,สาขาวิชาประวัติศาสตร์,DS596 อ543 2557
137,ประวัติศาสตร์สิงคโปร์,9.78617E+12,1,สาขาวิชาประวัติศาสตร์,DS610.4 ป373 2557
138,"นาคยุดครุฑ ""ลาว"" การเมืองในประวัติศาสตร์นิพนธธ์ไทย (ศิลปวัฒนธรรมฉบับพิเศษ )",9.78974E+12,1,สาขาวิชาประวัติศาสตร์,DS572 ก581 2558
139,10 ปัญญาชนสยาม เล่ม 1 ปัญญาชนแห่งรัฐสมบูรณาญาสิทธิราชย์,9.78617E+12,1,สาขาวิชาประวัติศาสตร์,DS578 ส655 2557
140,10 ปัญญาชนสยาม เล่ม 2 ปัญญาชนหลังการปฏิวัติ 2475,9.78617E+12,1,สาขาวิชาประวัติศาสตร์,DS578 ส655 2557
141,พระยาอนุมานราชธน ปราชญ์สามัญชนผู้นิรมิต ความเป็นไทย,9.78974E+12,1,สาขาวิชาประวัติศาสตร์,DS570.6.A58 ส657
142,สายธารแห่งความคิด 3,9.78975E+12,1,สาขาวิชาประวัติศาสตร์,DS571 ส658
143,สยามหรือไทย,9.78974E+12,1,สาขาวิชาประวัติศาสตร์,DS563.5 ช495 2551
144,เปลวไฟเลื่อมลายนาค,9.78974E+12,1,สาขาวิชาประวัติศาสตร์,DS511 บ672 2544
145,"สงครามโลก 1,2 (ฉบับสมบูรณ์)",9.78616E+12,1,สาขาวิชาประวัติศาสตร์,D521 ว884 2559
146,"เรื่องส่วนพระองค์ใน ""ไกลบ้าน""",9.78974E+12,1,สาขาวิชาประวัติศาสตร์,DS582 ศ336 2553
147,พัฒนาการและบทบาทของพระพุทธศาสนาบริเวณทะเลสาบสงขลา,9.78612E+12,1,สาขาวิชาประวัติศาสตร์,BQ562 ช436 2552
148,500 ปี ความสัมพันธ์สยามประเทศไทยกับโปรตุเกสฯ,9.78617E+12,1,สาขาวิชาประวัติศาสตร์,DS575.5.P6 ห541 2556
149,บันทึกรับสั่ง สมเด็จฯกรมพระยาดำรงราชานุภาพประทานหม่อมราชวงศ์สุมนชาติ สวัสดิกุล,9.78975E+12,1,สาขาวิชาประวัติศาสตร์,DS572 ด495 2550
150,ประวัติศาสตร์ไทยในสายตาชาวจีน,9.78617E+12,1,สาขาวิชาประวัติศาสตร์,DS571 ต219 2553
151,อินเดีย อดีต-ปัจจุบัน,9.78975E+12,1,สาขาวิชาประวัติศาสตร์,DS436 ส836
152,ปกิณกะหลักฐานทางประวัติศาสตร์ไทย,,1,สาขาวิชาประวัติศาสตร์,DS578 ศ723 2558
153,ถกแขมร์ แลเขมร,9.78612E+12,1,สาขาวิชาประวัติศาสตร์,DS554.8 ร631 2552
154,ไทยในยุคบูรพาภิวัตน์,9.78617E+12,1,สาขาวิชาประวัติศาสตร์,DS578 อ893 2558
155,ตำนานมะโรงมหาวงศ์ พงศาวดารเมืองไทรบุรี,9.78974E+12,1,สาขาวิชาประวัติศาสตร์,DS588 ป279
156,ครึ่งศตวรรษแห่งการต้นหาและเส้นทางสู่อนาคตประวัติศาสตร์ท้องถิ่นไทย,9.78974E+12,1,สาขาวิชาประวัติศาสตร์,DS562 ย126ค
157,ศึกษารัฐไทย ย้อนสภาวะไทยศึกษา,9.78617E+12,1,สาขาวิชาประวัติศาสตร์,DS571 อ945 2558
158,รวมผลงานแปลเรื่องบันทึกการเดินทางของ เมนเดส ปินโต,,1,สาขาวิชาประวัติศาสตร์,DS578 ม746 2548
159,ปลายขอบฟ้าฉาน,9.78617E+12,1,สาขาวิชาประวัติศาสตร์,DS523.4.T35 จ758
160,จดหมายเหตุการเดินทางสู่สยามประเทศครั้งที่ 1 และ จดหมายเหตุการเดินทางครั้งที่ 2,9.78974E+12,1,สาขาวิชาประวัติศาสตร์,DS575.5.F8 ต311
161,จดหมายเหตุความทรงจำสมัยฝรั่งเศสยึดจันทบุรี,9.78617E+12,1,สาขาวิชาประวัติศาสตร์,DS582 ส631 2552
162,อธิบายเบ็ดเตล็ดในเรื่องพงศาวดารสยาม,9.78617E+12,1,สาขาวิชาประวัติศาสตร์,DS571 ด495
163,บันทึกความทรงจำ ขอ งบาทหลวง เดอพ แบส,9.78975E+12,1,สาขาวิชาประวัติศาสตร์,DS577 บ289 2550
164,อาณาจักรอียิปต์โบราณ ยุคสมัยฟาโรห์,9.78974E+12,1,สาขาวิชาประวัติศาสตร์,DT83 ป472 2558
165,สมเด็จเจ้าพระยาบรมมหาศรีสุริยวงศ์ (ช่วง บุนนาค),9.78974E+12,1,สาขาวิชาประวัติศาสตร์,CT1548 ณ362 2551
166,กระเบื้องถ้วย กะลาแตก,9.78975E+12,1,สาขาวิชาประวัติศาสตร์,NK4156.6 พ717
167,โบราณคดีเบื้องต้น พิมพ์ 2,9.78617E+12,1,สาขาวิชาประวัติศาสตร์,CC165 ป467 2556
168,ต้นกำเนิดชนชั้นนายทุนในประเทศไทย,9.78974E+12,1,สาขาวิชาประวัติศาสตร์,HB501 ส732 2552
169,โบรารคดีเครื่องถ้วยสยามแหล่งเตาล้านนาและสุพรรณบุรี,9.78975E+12,1,สาขาวิชาประวัติศาสตร์,NK4156.6 ส665
170,สยาม ผ่านมุมกล้อง,9.78617E+12,1,สาขาวิชาประวัติศาสตร์,DS568 พ996 2558
171,พิจารณาในกรมดำรงฯ เมื่อครั้งพระชนม์ครบ 150 โดยรวบรวมทัศนะของ ส.ศิวรักษ์,9.78974E+12,1,สาขาวิชาประวัติศาสตร์,DS570.6.D3 ส113 2555
172,ประชุมพระนิพนธ์สรรพความรู้,9.78974E+12,1,สาขาวิชาประวัติศาสตร์,AC159 495 2555
173,หนังสือCOURT ข่าวราชการ เจ้านาย 11 พระองค์,,1,สาขาวิชาประวัติศาสตร์,CD582 ห144 2539
174,พระราชพงศาวดารกรุงธนบุรี (ฉบับพันจันทนุมาศ(เจิม),9.78974E+12,1,สาขาวิชาประวัติศาสตร์,DS577 พ375
175,บันทึกของทูตญี่ปุ่นผู้เห็นเหตุการณ์ปฏิวัติ 2475,9.78974E+12,1,สาขาวิชาประวัติศาสตร์,DS582 ย239
176,อ่านอินเดีย,9.78616E+12,1,สาขาวิชาประวัติศาสตร์,DS436 ส739
177,ญี่ปุ่นกับมหาเอเชียบูรพา,9.78975E+12,1,สาขาวิชาประวัติศาสตร์,DS845 ฉ233 2548
178,ประวัติศาตร์สังคมลุ่มน้ำท่าจีน,9.78975E+12,1,สาขาวิชาประวัติศาสตร์,DS588.C49 ส838 2544
179,สยามและลาวในสายตามิชชันนารีชาวอเมริกัน,,1,สาขาวิชาประวัติศาสตร์,DS563.5 ร365 2557
180,ฐานันดรไพร่,,1,สาขาวิชาประวัติศาสตร์,HT815 ข129 2556
181,ราชอาณาจักรสยาม,9.78975E+12,1,สาขาวิชาประวัติศาสตร์,DS571 ส319 2543
182,รายงานการประชุมเสนาบดีสภา รัชสมัยพระบาทสมเด็จพระจุลจอมเกล้าเจ้าอยู่หัว ภาคที่ 3,9744177543,1,สาขาวิชาประวัติศาสตร์,DS582 ร451
183,เอกสารสำคัญทางประวัติศาสตร์แห่งชาติของกระทรวงทหารเรือฯ ล.2,9749527615,1,สาขาวิชาประวัติศาสตร์,DS578 ส575 2547
184,เอกสารสำคัญทางประวัติศาสตร์แห่งชาติของกระทรวงทหารเรือฯ ล.1,,1,สาขาวิชาประวัติศาสตร์,DS578 ส575 2547
185,ประวัติเมืองพระนครของขอม,9.78974E+12,1,สาขาวิชาประวัติศาสตร์,DS554.5 จ551 2552
186,การต่างประเทศกับการเอกราชและอธิปไตย,9.78617E+12,1,สาขาวิชาประวัติศาสตร์,DS581 พ899 2554
187,พระราชหัตถเลขาพระบาทสมเด็จพระจุลจอมเกล้าเจ้าอยู่หัว,,1,สาขาวิชาประวัติศาสตร์,DS582 พ385ต 2556
188,มนุษย์กับภาชนะดินเผา จากอดีตกาลสู่โลกสมัยใหม่,9.78974E+12,1,สาขาวิชาประวัติศาสตร์,NK3855.T5 ธ259 2551
189,พม่า:ประวัติศาสตร์และการเมือง,9.78612E+12,1,สาขาวิชาประวัติศาสตร์,DS528.7 ช495 2552
190,400 ที่เที่ยว ทั่วไทย ไปทั่วทิศ,9.78617E+12,1,หลักสูตรการท่องเที่ยว,G153ส735 2558
191,50 ROMANTIC DESTINATIONS เมืองโรแมนติก,9.78616E+12,1,หลักสูตรการท่องเที่ยว,G153อ194 2557
192,501 MUST-SEE NATURAL WONDERS,9.78075E+12,1,หลักสูตรการท่องเที่ยว,G153.4 .F565 2016
193,501 MUST-VISIT CITIES,9.78075E+12,1,หลักสูตรการท่องเที่ยว,G140.F565 2016
194,501 MUST-VISIT DESTINATIONS,9.78075E+12,1,หลักสูตรการท่องเที่ยว,G153.4.F565 2016
195,AMAZING PLACES COST NOTHING: THE NEW GOLDEN AGE OF AUTHENTIC TRAVEL,9.7805E+12,1,หลักสูตรการท่องเที่ยว,TX907.Y63 2013
196,BALI: THE ULTIMATE GUIDE TO THE WORLD' S MOST FAMOUS TROPICAL ISLAND,9.7808E+12,1,หลักสูตรการท่องเที่ยว,DS647.B2B47 2012
197,BURMA: THE ALTERNATIVE TRAVEL GUIDE,9.7805E+12,1,หลักสูตรการท่องเที่ยว,DS527.7.J85 2009
198,CAFE STORIES,9.78617E+12,1,หลักสูตรการท่องเที่ยว,HD9199.T5 บ351 2558
199,COFFEE JOURNEY EUROPE,9.78617E+12,1,หลักสูตรการท่องเที่ยว,TX817.C6 พ451 2557
200,COLLINS WORLD ATLAS: COMPLETE EDITION,9.78001E+12,1,หลักสูตรการท่องเที่ยว,G1021.C712 2016
201,Cool! Bangkok : Your Essential Guide to What's Hip and Happening,9.78981E+12,1,หลักสูตรการท่องเที่ยว,DS589.B2 L913 2012
202,DESTINATION CAMBODIA: ADVENTURES IN THE KINGDOM,9.78174E+12,1,หลักสูตรการท่องเที่ยว,DS557.C2 M37 2013
203,DESTINATION SAIGON: ADVENTURES IN VIETNAM,9.78174E+12,1,หลักสูตรการท่องเที่ยว,DS556.39 .M37 2010
204,DIVING & SNORKELLING GUIDE TO THAILAND,9.78191E+12,1,หลักสูตรการท่องเที่ยว,GV837.S358 2012
205,DREAM CITIES: INSPIRATIONAL URBAN ESCAPES,9.78178E+12,1,หลักสูตรการท่องเที่ยว,HT166.M398 2013
206,EATING VIET NAM: DISPATCHES FROM A BLUE PLASTIC TABLE,9.78006E+12,1,หลักสูตรการท่องเที่ยว,TX360.V5 H65 2016
207,"EXPLORING CHIANG MAI: CITY, VALLEY & MOUNTAINS",8.88E+12,1,หลักสูตรการท่องเที่ยว,DS589.C44 H279 2013
208,HISTORY OF THE WORLD IN 500 WALKS,9.78178E+12,1,หลักสูตรการท่องเที่ยว,GV199.5 .B38 2016
209,I ROAM ALONE TREKKING THROUGH SOUTH AMERICA,9.78616E+12,1,หลักสูตรการท่องเที่ยว,F2225 ม577 2558
210,KITCHEN เห็นชาติ,9.78616E+12,1,หลักสูตรการท่องเที่ยว,TX353 ข939 2558
211,NATIONAL GEOGRAPHIC TRAVELER: THAILAND  ,9.78143E+12,1,หลักสูตรการท่องเที่ยว,DS563 .M33 2015
212,"THAILAND'S BEST STREET FOOD: THE COMPLETE GUIDE TO STREETSIDE DINING IN BANGKOK, CHIANG MAI, PHUKET AND OTHER AREAS",9.7808E+12,1,หลักสูตรการท่องเที่ยว,TX907.5.T5 C512 2014
213,THE TIMES MAP OF THE WORLD,9.78001E+12,1,หลักสูตรการท่องเที่ยว,รอวิเคราะห์ (แผนที่)
214,"WORLD'S HERITAGE, THE: THE DIFINITIVE GUIDE TO ALL 1007 WORLD HERITAGE SITES  ",9.78001E+12,1,หลักสูตรการท่องเที่ยว,G140.5 .W67 2015
215,"WORLD'S MUST-SEE PLACES, THE: A LOOK INSIDE MORE THAN 100 MAGNIFICENT BUILDINGS & MONUMENTS",9.78076E+12,1,หลักสูตรการท่องเที่ยว,AG243 .W619 2011
216,ภูฏานเท่านั้น :ชุด Journey,9.78616E+12,1,หลักสูตรการท่องเที่ยว,DS491.5 ว951 2558
217,เยี่ยมย่าน...ยลเสน่ห์มหานคร ภาพบันทึกจากแดนอาาทิตย์อุทัยถึงคนกรุงเทพฯ,9.78999E+12,1,หลักสูตรการท่องเที่ยว,DS812 น297 2559
218,ชาติพันธุ์ใต้อำนาจ เสียงแห่งชาติพันธุ์ในโลกเสรีนิยมใหม่,9.78617E+12,1,หลักสูตรการพัฒนาสังคม,GN320 ช518 2558
219,แว่นตา อารมณ์ สังคม ความจริง หนึ่งทศวรรษเวทีววิจัยมนุษยศาสตร์ไทย,9.78616E+12,1,หลักสูตรการพัฒนาสังคม,H61 ห159 2559
220,ก้าวแรกที่เท่าเทียม,9.78617E+12,1,หลักสูตรการพัฒนาสังคม,LC4069.2 ฮ589 2559
221,มนุษยศาสตร์ที่แปรเปลี่ยนในโลกที่เปลี่ยนแปลง รวมบทความจากการประชุมวิชาการระดับชาติฯ ครั้งที่ 8,9.78974E+12,1,หลักสูตรการพัฒนาสังคม,H62.5.T5 ม173 2559
222,อ่านเมือง เรื่องคนกรุง วรรณกรรม วิถีความสัมพันธ์ และภาพแทนของพื้นที่,9.78616E+12,1,หลักสูตรการพัฒนาสังคม,PL4200.5 ส848 2559
223,Thailand Only เรื่องแบบนี้มีแต่ไทยๆ,9.78616E+12,1,หลักสูตรการพัฒนาสังคม,DS568 ว913 2558
224,ระบบยุติธรรมและยุติธรรมทางเลือก แนวการวิเคราะะห์เชิงสังคมศาสตร์,9.78974E+12,1,หลักสูตรการพัฒนาสังคม,K5001 จ631 2556
225,ถังแดง :การซ่อมสร้างประวัติศาสตร์และความทรงจำหลอนในสุงคมไทย,9.78616E+12,1,หลักสูตรการพัฒนาสังคม,HN700.55.P438 จ679 2559
226,พลวัตขบวนการประชาสังคม ในภาคตะวันออกเฉียงเหนือ ประเทศไทย,9.78616E+12,1,หลักสูตรการพัฒนาสังคม,HN700.592.S65 พ444 2555
227,เครือข่ายสลัมสี่ภาค การต่อสู้เพื่อความอยู่รอดดภายใต้โครงการพัฒนาของรัฐไทยตั้งแต่ปี 2500-2553,9.78975E+12,1,หลักสูตรการพัฒนาสังคม,HV4142.55.A5 อ878 2559
228,หนี้นอกระบบเกษตรกร ฟางเส้นสุดท้ายสู่การสูญเสียที่ดิน,9.78617E+12,1,หลักสูตรการพัฒนาสังคม,HD1437 ห141 2559
229,ไทยในยุคบูรพาภิวัฒน์ โลกที่เปลี่ยนไป จาก 14 ตตุลาคม 2516 ถึง 14 ตุลาคม 2558,9.78617E+12,2,หลักสูตรการพัฒนาสังคม,DS578 อ893 2558
230,ไทยต่างด้าว ท้าวต่างแดน สังคมวิทยาของชีวิตข้าามพรมแดน,9.78974E+12,1,หลักสูตรการพัฒนาสังคม,HD6305.A8 ท931 2559
231,การกระทำผิดในสังคม สังคมวิทยาอาชญากรรมและพฤติกรรมเบี่ยงเบน,9.78974E+12,1,หลักสูตรการพัฒนาสังคม,HV6025 ส922 2558
232,ชวนถก ชาติและชาติพันธุ์,9.78974E+12,1,หลักสูตรการพัฒนาสังคม,GN316 น581 2558
233,สิทธิมนุษยชน: ความรู้ฉบับพกพา,9.78617E+12,1,หลักสูตรการพัฒนาสังคม,JC571 ค943 2559
234,การเมือง: ความรู้ฉบับพกพา,9.78617E+12,1,หลักสูตรการพัฒนาสังคม,JA66 ม576 2559
235,สังคมวิทยา: ความรู้ฉบับพกพา,9.78617E+12,1,หลักสูตรการพัฒนาสังคม,HM585 บ141 2559
236,เสรีนิยม: ความรู้ฉบับพกพา,9.78617E+12,1,หลักสูตรการพัฒนาสังคม,HB95 ส174 2559
237,คอรัปชั่น: ความรู้ฉบับพกพา,9.78617E+12,1,หลักสูตรการพัฒนาสังคม,JF1525.C66 ล796 2559
238,ฟูโกต์: ความรู้ฉบับพกพา,9.78617E+12,1,หลักสูตรการพัฒนาสังคม,B2430.F724 ก386 2558
239,จิตวิทยา: ความรู้ฉบับพกพา,9.78617E+12,1,หลักสูตรการพัฒนาสังคม,BF121 บ266 2558
240,ปรัชญากฎหมาย: ความรู้ฉบับพกพา,9.78617E+12,1,หลักสูตรการพัฒนาสังคม,KPT215 ว941 2558
241,ทฤษฎีเกม: ความรู้ฉบับพกพา,9.78617E+12,1,หลักสูตรการพัฒนาสังคม,HB144 บ331 2558
242,เคนส์: ความรู้ฉบับพกพา,9.78617E+12,1,หลักสูตรการพัฒนาสังคม,HB103 ส125 2558
243,มาร์กซ: ความรู้ฉบับพกพา,9.78617E+12,1,หลักสูตรการพัฒนาสังคม,B3305.M74 ซ241 2558
244,ศิลปะเรอเนซองส์: ความรู้ฉบับพกพา,9.78617E+12,1,หลักสูตรการพัฒนาสังคม,N6370 จ213 2557
245,ประวัติศาสตร์เศรษฐกิจโลก: ความรู้ฉบับพกพา,9.78617E+12,1,หลักสูตรการพัฒนาสังคม,HC51 อ573 2557
246,ความสัมพันธ์ระหว่างประเทศ: ความรู้ฉบับพกพา,9.78617E+12,1,หลักสูตรการพัฒนาสังคม,JZ1305 ว713 2557
247,สถาปัตยกรรม: ความรู้ฉบับพกพา,9.78617E+12,1,หลักสูตรการพัฒนาสังคม,NA2750 บ272 2557
248,คานธี: ความรู้ฉบับพกพา,9.78617E+12,1,หลักสูตรการพัฒนาสังคม,DS481.G3 ป572 2557
249,ประชาธิปไตย: ความรู้ฉบับพกพา,9.78617E+12,1,หลักสูตรการพัฒนาสังคม,JC423 ค159 2559
250,เนลสัน แมนเดลา: ความรู้ฉบับพกพา,9.78617E+12,1,หลักสูตรการพัฒนาสังคม,DT1974 บ828 2556
251,ความเป็นส่วนตัว: ความรู้ฉบับพกพา,9.78617E+12,1,หลักสูตรการพัฒนาสังคม,JC596 ว928 2556
252,ลินคอล์น: ความรู้ฉบับพกพา,9.78616E+12,1,หลักสูตรการพัฒนาสังคม,E457 ก771ล
253,สถิติ: ความรู้ฉบับพกพา,9.78616E+12,1,หลักสูตรการพัฒนาสังคม,QA276 ฮ849 2555
254,ศิลปะสมัยใหม่: ความรู้ฉบับพกพา,9.78617E+12,1,หลักสูตรการพัฒนาสังคม,N6490 ค183
255,โลกาภิวัตน์ ความรู้ฉบับพกพา,9.78617E+12,1,หลักสูตรการพัฒนาสังคม,JZ1318 ส173
256,ประวัติศาสตร์ก้นครัว,9.78617E+12,1,หลักสูตรการพัฒนาสังคม,TX656 ว715 2559
257,ประวัติศาสตร์กระดาษโลก,9.78617E+12,1,หลักสูตรการพัฒนาสังคม,TS1090 ซ799 2558
258,ตำนสนอาหารโลก : เบื้องหลังจานโปรดโดนใจของคนทั่วโลก,9.78617E+12,1,หลักสูตรการพัฒนาสังคม,TX353 จ831 2559
259,ความลับของดอกไม้,9.78617E+12,1,หลักสูตรการพัฒนาสังคม,SB443.3 ส155
260,เศรษฐศาสตร์พฤติกรรม : เศรษฐศาสตร์แนวใหม่ที่มองคนไปไกลกว่าสัตว์เศรษฐกิจ,9.78617E+12,1,หลักสูตรการพัฒนาสังคม,HB74.P8 ธ751 2559
261,อาดัม สมิธ : ชีวิตและความคิด,9.78617E+12,1,หลักสูตรการพัฒนาสังคม,HB103.S6 บ266 2558
262,ปรัชญาสาธารณะ,9.78617E+12,1,หลักสูตรการพัฒนาสังคม,JK468.E7 ซ812 2559
263,การศึกษาของผู้ถูกกดขี่,9.78617E+12,1,หลักสูตรการพัฒนาสังคม,LB880.F73 ฟ621 2559
264,สื่อสาร-สิ่งแวดล้อม,9.78616E+12,1,หลักสูตรการพัฒนาสังคม,GE25 ก425 2556
265,บ้านและเรื่องในบ้าน : ครอบครัว รัฐและการเมืองวัฒนธรรม,9.78617E+12,1,หลักสูตรการพัฒนาสังคม,HQ630 ส661 2555
266,รู้รากมาร์กซิสม์,9.78616E+12,1,หลักสูตรการพัฒนาสังคม,HX44.5 ว888
267,เดอะเซอร์เคิล,9.78617E+12,1,หลักสูตรการพัฒนาสังคม,นว อ872 2559
268,การสื่อสารกับการเปลี่ยนแปลงของสังคม,9.78974E+12,1,หลักสูตรการพัฒนาสังคม,HM1206 จ483 2554
269,ทฤษฎีขบวนการเคลื่อนไหวทางสังคมและการประท้วงทางการเมือง,9.78617E+12,1,หลักสูตรการพัฒนาสังคม,HM881 ส238 2559
270,Digital Future : อนาคตเศรษฐกิจการเมืองวัฒนธรรมใหม่ในยุคดิจิทัล,9.78617E+12,1,หลักสูตรการพัฒนาสังคม,HM851 ส357 2558
271,รัฐธรรมนูญ ประวัติศาสตร์ข้อความคิด อำนาจสถาปนนาและการเปลี่ยนผ่าน,9.78617E+12,1,หลักสูตรการพัฒนาสังคม,KPT2064.5 ป619 2559
272,เมื่อโลกพลิกผัน การปฏิวัติอุตสาหกรรม จุดกำเนิดการเมืองและเศรษฐกิจยุคปัจจุบัน,9.78617E+12,1,หลักสูตรการพัฒนาสังคม,HC53 ป938 2559
273,Common European Framework of Reference for Languages,9.78052E+12,1,หลักสูตรการสอนภาษาอังกฤษ,P118.2 .C65 2001
274,Cambridge Handbook of Second Language Acquisition,9.78111E+12,1,หลักสูตรการสอนภาษาอังกฤษ,P118.2 .C356 2013
275,CLIL : : Content and Language Integrated Learning,9.78052E+12,1,หลักสูตรการสอนภาษาอังกฤษ,P57.E9 C69 2011
276,Language Learning with Technology,9.78111E+12,1,หลักสูตรการสอนภาษาอังกฤษ,P53.28 .S73 2015
277,The Cambridge Guide to Research in Language Teaching and Learning,9.78111E+12,1,หลักสูตรการสอนภาษาอังกฤษ,P118.2 .C355 2015
278,The Cambridge Guide to Blended Learning for Language Teaching,9.78132E+12,1,หลักสูตรการสอนภาษาอังกฤษ,P53 .C26 2016
279,"Second Language Assessment and Mixed Methods Research,",9.78132E+12,1,หลักสูตรการสอนภาษาอังกฤษ,P118.2 .S445 2016
280,Teaching English as a Second or Foreign Language,9.78111E+12,1,หลักสูตรการสอนภาษาอังกฤษ,PE1128.A2 T44 2014
281,Meaningful Action: Earl Stevick's Influence on Language Teaching,9.78111E+12,1,หลักสูตรการสอนภาษาอังกฤษ,P53.755 .M43 2013
282,"Motivating Learners, Motivating Teachers: Building Vision in the Language",9.78111E+12,1,หลักสูตรการสอนภาษาอังกฤษ,PB35 .D57 2014
283,Second Language Acquisition and Task-Based Language Teaching,9.78047E+12,1,หลักสูตรการสอนภาษาอังกฤษ,P118.2 .L668 2015
284,Task-Based Computer-Mediated Negotiation in an EFL Context: The Ins and Outs of Online Negotiation of Meaning Using Language Learning Tasks,9.78364E+12,1,หลักสูตรการสอนภาษาอังกฤษ,TK5105.6 .A345 2010
285,500 Grammar Based Conversation Questions,9.78194E+12,1,หลักสูตรการสอนภาษาอังกฤษ,PE1131 .P692 2015
286,Introduction to Instructed Second Language Acquisition,9.78042E+12,1,หลักสูตรการสอนภาษาอังกฤษ,P118.2 .L65 2015
287,Theories in Second Language Acquisition: An Introduction,9.78042E+12,1,หลักสูตรการสอนภาษาอังกฤษ,P118.2 .T45 2015
288,Exploring Language Pedagogy through Second Language Acquisition Research,9.78042E+12,1,หลักสูตรการสอนภาษาอังกฤษ,P118.2 .E47 2014
289,Implementing Mobile Language Learning Technologies in Japan,9.78981E+12,1,หลักสูตรการสอนภาษาอังกฤษ,PE1128.A2 M478 2017
290,Project-Based Learning: Differentiating Instruction for the 21st Century,9.78141E+12,1,หลักสูตรการสอนภาษาอังกฤษ,LB1139.35.P8 B46 2012
291,Pronunciation in EFL Instruction: A Research-Based Approach (Second Language Acquisition),9.78178E+12,1,หลักสูตรการสอนภาษาอังกฤษ,PE1137 .S969 2015
292,Teaching EFL Learners Shadowing for Listening: Developing learners' bottom-up skills,9.78114E+12,1,หลักสูตรการสอนภาษาอังกฤษ,PE1128.A2 H198 2017
293,Syntax: A Generative Introduction,9.78047E+12,1,หลักสูตรการสอนภาษาอังกฤษ,P295 .C37 2013
294,The Syntax Workbook: A Companion to Carnie’s Syntax,9.78112E+12,1,หลักสูตรการสอนภาษาอังกฤษ,P295 .C289 2013
295,Optimise Your Teaching Competences: New Teaching Methodologies and CLIL Applications in Foreign Languages,9.78149E+12,1,หลักสูตรการสอนภาษาอังกฤษ,P53.818 .P213 2015
296,"Inquiry and Innovation in the Classroom: Using 20% Time, Genius Hour, and PBL to Drive Student Success",9.78042E+12,1,หลักสูตรการสอนภาษาอังกฤษ,LB1065 .J75 2015
297,Introducing Needs Analysis and English for Specific Purposes (Routledge Introductions to English for Specific Purposes) ,9.78114E+12,1,หลักสูตรการสอนภาษาอังกฤษ,PE1128.A2 B878 2016
298,Focus On Content Based Language Teaching,9.78019E+12,1,หลักสูตรการสอนภาษาอังกฤษ,P53 .L723 2014
299,Content-Based College ESL Instruction,9.78081E+12,1,หลักสูตรการสอนภาษาอังกฤษ,PE1128.A2 K376 2008
300,English for Academic Purposes: A comprehensive overview of EAP and how it is best taught and learnt in a variety of academic contexts,9.78019E+12,1,หลักสูตรการสอนภาษาอังกฤษ,PE1128 .D278 2014
301,Introducing English for Academic Purposes,9.78114E+12,1,หลักสูตรการสอนภาษาอังกฤษ,PE1128.A2 C476 2015
302,"Connecting Reading & Writing in Second Language Writing Instruction, Second Edition (The Michigan Series on Teaching Multilingual Writers)",9.78047E+12,1,หลักสูตรการสอนภาษาอังกฤษ,P53.27 .H57 2016
303,Understanding Advanced Second-Language Reading ,9.78042E+12,1,หลักสูตรการสอนภาษาอังกฤษ,PE1128.A2 B527 2011
304,The Grammar Book 3rd Edition,9.78111E+12,1,หลักสูตรการสอนภาษาอังกฤษ,PE1128.A2 L334 2016
305,Language Files: Materials for an Introduction to Language and Linguistics,9.78081E+12,1,หลักสูตรการสอนภาษาอังกฤษ,P121 .L385 2016
306,SLA Research and Materials Development for Language Learning ,9.78114E+12,1,หลักสูตรการสอนภาษาอังกฤษ,P118.2 .S23 2017
307,500 Activities for the Primary Classroom,9.78141E+12,1,หลักสูตรการสอนภาษาอังกฤษ,LB1775.5 .R282 2007
308,Blended Technologies in Second Language Classroom,9.78114E+12,1,หลักสูตรการสอนภาษาอังกฤษ,P53.855 .G78 2015
309,International Perspectives on ELT Classroom Interaction,9.78114E+12,1,หลักสูตรการสอนภาษาอังกฤษ,PE1128.A2 I61 2015
310,Uncovering CLIL,9.78023E+12,1,หลักสูตรการสอนภาษาอังกฤษ,P118.2 .M498 2008
311,Teaching Reading Skills in a Foreign Language,9.78141E+12,1,หลักสูตรการสอนภาษาอังกฤษ,P53.75 .N979 2005
312,Perspectives on Pedagogical Grammar,9.78052E+12,1,หลักสูตรการสอนภาษาอังกฤษ,P53 .P446 1994
313,English Syntax and Argumentation,9.78023E+12,1,หลักสูตรการสอนภาษาอังกฤษ,PE1369 .A114 2013
314,Introduction to English Linguistics,9.78311E+12,1,หลักสูตรการสอนภาษาอังกฤษ,รอวิเคราะห์
315,Content-Based Foreign Language Teaching: Curriculum and Pedagogy for Developing Advanced Thinking and Literacy Skills,9.78042E+12,1,หลักสูตรการสอนภาษาอังกฤษ,P53.85 .C67 2016
316,Learning Teaching,9.78023E+12,1,หลักสูตรการสอนภาษาอังกฤษ,LB1060 .S434 2011
317,English Grammar,9.78114E+12,1,หลักสูตรการสอนภาษาอังกฤษ,PE1112 .C58 2017
318,Beyond the Sentence,9.78141E+12,1,หลักสูตรการสอนภาษาอังกฤษ,P302 .T497 2005
319,คำไทยเทียบคำเขมร,,2,อ.กมลวัฒน์ เล็กนาวา,PL4327 ช648 2559
320,100 นักประพันธ์ไทย,9.78617E+12,2,อ.กมลวัฒน์ เล็กนาวา,PL4201 ป278 2553
321,Between Deleuze and Foucault,9.78147E+12,1,อ.จักรพันธ์ แสงทอง,B2430.D454 B48 2016
322,Between Foucault and Derrida,9.78075E+12,1,อ.จักรพันธ์ แสงทอง,B2430.F724 B48 2016
323,Europe After Derrida,9.78147E+12,1,อ.จักรพันธ์ แสงทอง,D1058 .E865 2016
324,How to get Philosophy Students Talking,9.78114E+12,1,อ.จักเรศ อิฐรัตน์,B52 .F58 2016
325,What is this thing called Philosophy,9.78042E+12,1,อ.จักเรศ อิฐรัตน์,BD21 .P75 2016
326,"Reference, Truth and Reality",9.78114E+12,1,อ.จักเรศ อิฐรัตน์,P106 R42 1980
327,Words and Things,9.78042E+12,1,อ.จักเรศ อิฐรัตน์,P106 .G319 2005
328,Galileo and the Conflict between Religion and Science,9.78114E+12,1,อ.จักเรศ อิฐรัตน์,BL245 .D36 2016
329,Antagonism on YouTube,9.78147E+12,1,อ.จิราภรณ์ สมิช,BR99.74 .P54 2014
330,Corpus Linguistics for ELT: Research and Practice,9.78042E+12,1,อ.จิราภรณ์ สมิช,PE1074.5 .T56 2015
331,Discourse and Digital Practices,9.78114E+12,1,อ.จิราภรณ์ สมิช,P302.865 .D57 2015
332,Researching Language and Social Media,9.78042E+12,1,อ.จิราภรณ์ สมิช,P96.T42 P34 2014
333,Language Online,9.78042E+12,1,อ.จิราภรณ์ สมิช,P96.T42 B37 2013
334,"Social Semiotics: Key Figures, New Directions",9.78042E+12,1,อ.จิราภรณ์ สมิช,P99.4.S62 A53 2015
335,Assessing English Language Learners: Theory and Practice,9.78042E+12,1,อ.เฉลิมชัย วงค์รักษ์,PE1128.A2 S684 2016
336,Second Language Learning And Language Teaching,9.78042E+12,1,อ.เฉลิมชัย วงค์รักษ์,P118.2 .C67 2016
337,Navigating the Common Core with English Language Learners,9.78112E+12,1,อ.เฉลิมชัย วงค์รักษ์,LC3746 .F47 2016
338,Pragmatic and Discourse Disorders,9.78111E+12,1,อ.เฉลิมชัย วงค์รักษ์,RC423 .C866 2015
339,Weak Island Semantics,9.7802E+12,1,อ.เฉลิมชัย วงค์รักษ์,P325 .A27 2014
340,Sentence and Discourse,9.7802E+12,1,อ.เฉลิมชัย วงค์รักษ์,P295 .S419 2015
341,Grammatical Variation British English Dialects,9.78111E+12,1,อ.เฉลิมชัย วงค์รักษ์,PE1736 .S96 2013
342,Corpus Linguistics for Translation and Contrastive Studies,9.78114E+12,1,อ.เฉลิมชัย วงค์รักษ์,P308 .M54 2016
343,Pragmatic Syntax,9.78147E+12,1,อ.เฉลิมชัย วงค์รักษ์,PL923 .K44 2014
344,Metaphor and Intercultural Communication,9.78147E+12,1,อ.เฉลิมชัย วงค์รักษ์,P94.6 .M475 2015
345,SLA Research and Materials Development for Language Learning,9.78114E+12,1,อ.เฉลิมชัย วงค์รักษ์,P118.2 .S23 2017
346,Standard English Speech,9.78111E+12,1,อ.เฉลิมชัย วงค์รักษ์,PE1135 .F959 2014
347,The Translation Studies Reader,9.78042E+12,1,อ.ราม ประสานศักดิ์,P306 .T743 2012
348,Routledge Handbook of Graffiti and Street Art,9.78114E+12,1,อ.ราม ประสานศักดิ์,GT3912. .R68 2016
349,The Routledge Companion to Comics,9.78042E+12,1,อ.ราม ประสานศักดิ์,PN6710 .R599 2017
350,The Anglo-American Ballad,9.78114E+12,1,อ.ราม ประสานศักดิ์,ML3553 .A64 2016
351,Horror Film and Affect,9.78042E+12,1,อ.ราม ประสานศักดิ์,PN1995.9.H6 A383 2016
352,Routledge Handbook of Asian Theatre,9.78042E+12,1,อ.ราม ประสานศักดิ์,PN2860 .R869 2016
353,Shakespeare and Hospitality,9.78114E+12,1,อ.ราม ประสานศักดิ์,PR3069.M3 S53 2016
354,"Shakespeare, Race and Performance The Diverse Bard",9.78114E+12,1,อ.ราม ประสานศักดิ์,PR3091 .S3673 2017
355,Exploring Teachers in Fiction and Film,9.78114E+12,1,อ.ราม ประสานศักดิ์,PR888.T35 E97 2016
356,Knowing About Language Linguistics and the Secondary English Classroom,9.78114E+12,1,อ.ราม ประสานศักดิ์,P120.L34 K623 2016
357,Understanding Silence and Reticence,9.78147E+12,1,อ.ราม ประสานศักดิ์,P51 .B354 2014
358,Literary Translation,9.78042E+12,1,อ.ราม ประสานศักดิ์,P306.5 .W75 2016
359,The Cambridge Companion to Asian American Literature,9.78111E+12,1,อ.ราม ประสานศักดิ์,PS153.A84 C35 2015
360,Teaching English Grammar to Speakers of Other Languages,9.78114E+12,1,อ.ราม ประสานศักดิ์,PE1128.A2 H663 2016
361,Psychology Language Learner Revisited,9.78114E+12,1,อ.ราม ประสานศักดิ์,P118.2 .D66 2015
362,Planning to Teach Writing : A Practical Guide for Primary School Teachers,9.78114E+12,1,อ.ราม ประสานศักดิ์,LB1528 .C38 2016
363,Cultural Studies: Theory and Practice,9.78147E+12,1,อ.ราม ประสานศักดิ์,HM623 .B255 2016
364,Exploring World Englishes : Language in a Global Context,9.78042E+12,1,อ.ราม ประสานศักดิ์,PE1073 .S43 2012
365,Differentiated Instruction,9.78114E+12,1,อ.ราม ประสานศักดิ์,LB1031 .B63 2016
366,Language and Masculinities,9.78114E+12,1,อ.ราม ประสานศักดิ์,P120.M45 L35 2015
367,Critical Thinking : The Basics,9.78114E+12,1,อ.ราม ประสานศักดิ์,B105.T54 H363 2017
368,Photography in and Out of Africa,9.78114E+12,1,อ.ราม ประสานศักดิ์,DT30.5 .P575 2016
369,An Introduction To Literary Studies,9.78042E+12,1,อ.ราม ประสานศักดิ์,PR21 .K5213 2013
370,Literary Theory : the Basics,9.78042E+12,1,อ.ราม ประสานศักดิ์,PN94 .B47 2014
371,A Theory of Adaptation,9.78042E+12,1,อ.ราม ประสานศักดิ์,PN171.A33 H88 2013
372,Angela Carter and Surrealism,9.78147E+12,1,อ.ราม ประสานศักดิ์,PR6053.A73 W353 2017
373,Folklore: The Basics,9.78114E+12,1,อ.ราม ประสานศักดิ์,GR40 .B74 2017
374,Hospitality in American Literature and Culture,9.78114E+12,1,อ.ราม ประสานศักดิ์,PS374.H68 M36 2017
375,Modernism,9.78114E+12,1,อ.ราม ประสานศักดิ์,NX454.5.M63 C48 2017
376,Neoliberalism and the Novel,9.78114E+12,1,อ.ราม ประสานศักดิ์,JC574 .N438 2017
377,The Politics of Fear,9.78145E+12,1,อ.ราม ประสานศักดิ์,JC573.2.E85 W63 2015
378,Discourse And Narrative Methods,9.78145E+12,1,อ.ราม ประสานศักดิ์,P302 .L785 2015
379,Representation: Cultural Representations and Signifying Practices,9.78185E+12,1,อ.ราม ประสานศักดิ์,HM621 .R457 2013
380,The Literature Review,9.78145E+12,1,อ.ราม ประสานศักดิ์,LB2369 .R525 2012
381,Motivation and Learning Strategies for College Success,9.78114E+12,1,อ.ลำพูน มีภาพ,LB2343.3 .D46 2016
382,Analysing English Sentences,9.78052E+12,1,อ.ลำพูน มีภาพ,PE1361 .R327 2016
383,Academic Writing for Graduate Students,9.78047E+12,1,อ.ลำพูน มีภาพ,PE1408 .S7836 2012
384,An Applied Guide to Research Designs,9.78148E+12,1,อ.ลำพูน มีภาพ,H62 .E327 2017
385,Your Dissertation in Education,9.78147E+12,1,อ.ลำพูน มีภาพ,LB1028.B835 2016
386,Teaching and Learning: Sociocultural Perspectives,9.78147E+12,1,อ.วชิราภรณ์ กิจพูนผล,P53.28 .M475 2013
387,Contemporary Computer-Assisted Language Learning,9.78147E+12,1,อ.วชิราภรณ์ กิจพูนผล,P53.28 .C678 2013
388,Using Social Media in the Classroom,9.78147E+12,1,อ.วชิราภรณ์ กิจพูนผล,LB1044.87 .P66 2016
389,Formative Assessment for Teaching and Learning,9.78145E+12,1,อ.วชิราภรณ์ กิจพูนผล,LB3051 .B675 2014
390,Lessons in Teaching Reading Comprehension in Primary Schools,9.78147E+12,1,อ.วชิราภรณ์ กิจพูนผล,LB1573 .H823 2015
391,Going Google : Powerful Tools for 21st Century Learning,9.78151E+12,1,อ.วชิราภรณ์ กิจพูนผล,LB1044.87 .C685 2017
392,Entertainment Management: Towards Best Practice,9.78178E+12,1,อ.วชิราภรณ์ กิจพูนผล,PN1584 .E61 2014
393,Linguistic Fieldwork: A Practical Guide,9.78114E+12,1,อ.วชิราภรณ์ กิจพูนผล,P128.F53 B69 2015
394,Syntax and Its Limits,9.7802E+12,1,อ.วชิราภรณ์ กิจพูนผล,P291 .S958 2013
395,English for Academic Purposes,9.7802E+12,1,อ.วชิราภรณ์ กิจพูนผล,PE1114 Y31 1988
396,Fowler's Dictionary of Modern English Usage,9.7802E+12,1,อ.วชิราภรณ์ กิจพูนผล,PE1464 .F68 2015
397,Word Meaning and Syntax: Approaches to the Interface,9.7802E+12,1,อ.วชิราภรณ์ กิจพูนผล,P326 .W43 2015
398,I-language,9.7802E+12,1,อ.วชิราภรณ์ กิจพูนผล,P121 .I72 2013
399,Continuations and Natural Language,9.7802E+12,1,อ.วชิราภรณ์ กิจพูนผล,P291 .S958 2013
400,Edges in Syntax: Scrambling and Cyclic Linearization,9.7802E+12,1,อ.วชิราภรณ์ กิจพูนผล,P291 .K6 2014
401,Compositional Semantics: An Introduction to the Syntax/Semantics Interface,9.7802E+12,1,อ.วชิราภรณ์ กิจพูนผล,P325.5.C626 J33 2014
402,ทฤษฎีกับการวิจารณ์ศิลปะทัศนะของนักวิชาการไทย,9.78617E+12,2,อ.วรรณภา ชำนาญกิจ,N7476 ท166 2560
403,ศาสตร์การสอนภาษาไทย ในฐานะภาษาต่างประเทศ (THE SCIENCE OF TEACHING THAI AS A FOREIGN LANGUAGE),9.78974E+12,2,อ.วรรณภา ชำนาญกิจ,PL4157 ร637 2560
404,หลักและเทคนิคการสอนระดับอุดมศึกษา,9.78974E+12,2,อ.วรรณภา ชำนาญกิจ,LB2331 พ975 2557
405,นครคนนอก (รางวัลซีไรต์ ปี 2559),9.78617E+12,2,อ.วรรณภา ชำนาญกิจ,PL4202 .พ174 2560
406,เส้นทางแห่งความเพียร ทำอย่างไรถึงจะเป็นคนที่ยอดเยี่ยม,9.78617E+12,2,อ.วรรณภา ชำนาญกิจ,BF636 ฉ899 2560
407,Sociology of Constitutions,9.78147E+12,1,อ.วศิน โกมุท,K3165 .S63 2016
408,Education for Sustainable Happiness and Well-Being,9.78114E+12,1,อ.วศิน โกมุท,LC1100 .O37 2016
409,Introduction to Social Entrepreneurship,9.7815E+12,1,อ.วศิน โกมุท,HD60 .C433 2016
410,Game Theory and Exercises,9.78042E+12,1,อ.วศิน โกมุท,HB144 .U43 2016
411,Unequal Worlds,9.7802E+12,1,อ.วศิน โกมุท,HN683.5 .V47 2015
412,An Introduction to Social Anthropology,9.78114E+12,1,อ.วศิน โกมุท,GN316 .H498 2016
413,International Development,9.78114E+12,1,อ.วศิน โกมุท,HC59.7 .I58 2016
414,The Sociology Student Writer's Manual and Reader's Guide,9.78144E+12,1,อ.วศิน โกมุท,HM585 .J66 2017
415,Partnership Governance in Public Management,9.78077E+12,1,อ.วศิน โกมุท,HD3871 .G878 2015
416,สู่วิถีอีสานใหม่ (ISAN BECOMING AGRARIAN CHANGE AND THE SENSE OF MOBILE COMMUNITY IN NORTHEASTERN TH),9.78617E+12,3,อ.สุรสม กฤษณะจูฑะ,HM831 พ532ส 2557
417,พุทธศาสนาเชิงปฏิบัติของคนไทยอีสาน :ศาสนาในความเป็นภูมิภาค (PRATICAL BUDDHISM AMONG THE THAI-LAO: REL,9.78974E+12,1,อ.สุรสม กฤษณะจูฑะ,BQ568.N67 ฮ352พ 2554
418,ประวัติศาสตร์การเข้ามาของยางพาราในอนุภูมิภาคลุ่มน้ำโขง อีสาน และลุ่มน้ำห้วยคอง,9.78616E+12,2,อ.สุรสม กฤษณะจูฑะ,SB291.H4 ท133 2558
419,THE BORDER คน พรมแดน รัฐชาติ (ผลึกความรู้ :ชุดงานวิจัยฉบับเคี้ยวง่าย),9.78616E+12,5,อ.สุรสม กฤษณะจูฑะ,HN700.592.M26 ย152 2559
420,สวัสดิการสังคมกับสังคมไทย,9.78616E+12,1,อ.สุรสม กฤษณะจูฑะ,HV40 ร245ส 2557
421,คู่มือการจัดการภัยพิบัติท้องถิ่น,9.78974E+12,1,อ.สุรสม กฤษณะจูฑะ,HV553 ท179 2555
422,การเรียนรู้ของผู้ใหญ่และผู้สูงอายุในสังคมไทย,9.78616E+12,1,อ.สุรสม กฤษณะจูฑะ,LC5225.L42 อ614 2559
423,การวิจัยเชิงปฏิบัติการแบบมีส่วนร่วมฯ,9.78974E+12,2,อ.สุรสม กฤษณะจูฑะ,H62 ว247 2557
424,การเมืองเรื่องพื้นที่ :พลวัตทางสังคมของชุมชน (กรณีศึกษา :ชุมชนป้อมมหากาฬ),9.78974E+12,3,อ.สุรสม กฤษณะจูฑะ,HT169.T5 ธ343
425,สังคมวิทยา :ความรู้ฉบับพกพา,9.78617E+12,1,อ.สุรสม กฤษณะจูฑะ,HM585 บ141 2559
426,เสรีนิยมใหม่ :ความรู้ฉบับพกพา (NEOLIBERALISM: A VERY SHORT INTRODUCTION),9.78617E+12,1,อ.สุรสม กฤษณะจูฑะ,HB95 ส174 2559
427,ฮาเบอร์มาส :มนุษย์กับพื้นที่สาธารณะ,9.78617E+12,1,อ.สุรสม กฤษณะจูฑะ,B3258.H324 ฟ423 2559
428,การพัฒนาที่ยั่งยืน,9.78974E+12,1,อ.สุรสม กฤษณะจูฑะ,HC445.Z9E5 ธ231 2556
429,ธรรมาภิบาล,9.78974E+12,1,อ.สุรสม กฤษณะจูฑะ,JF1358.T5 ท492 2559
430,"ธรรมาภิบาล :เพื่อการบริหารภาครัฐและภาคเอกชน (GOOD GOVEMANCE, PUBLIC AND PRIVATE MANAGEMENT)",9.78974E+12,1,อ.สุรสม กฤษณะจูฑะ,JF1358.T5 ร345 2557
431,NEW ECONOMIC MODEL: กระบวนทัศน์เศรษฐกิจใหม่กับความจำเป็นของธรรมาภิบาลแล ะประชาธิปไตย,9.78616E+12,1,อ.สุรสม กฤษณะจูฑะ,HC445 อ621 2559
432,การเปลี่ยนแปลงภูมิอากาศ :แนวทางการจัดการเรียนรู้,9.78616E+12,1,อ.สุรสม กฤษณะจูฑะ,QC903 ม376 2555
433,การเปลี่ยนแปลงภูมิอากาศ (HOW WE KNOW WHAT WE KNOW ABOUT OUR CHANGING CLIMATE),9.78616E+12,1,อ.สุรสม กฤษณะจูฑะ,QC903 ช726 2555
434,ครูเพื่อศิษย์ สร้างห้องเรียนกลับทาง,9.78617E+12,1,อ.สุรสม กฤษณะจูฑะ,LB1775 ว519ค 2557
435,การเรียนรู้เกิดขึ้นอย่างไร,9.78617E+12,1,อ.สุรสม กฤษณะจูฑะ,LB1060 ว519ก 2557
436,สอนเด็กให้เป็นคนดี,9.78617E+12,1,อ.สุรสม กฤษณะจูฑะ,HQ769 ว519 2557
437,เรียนรู้สู่การเปลี่ยนแปลง (TRANSFORMATIVE LEARNING),9.78617E+12,1,อ.สุรสม กฤษณะจูฑะ,LC1100 ว519 2558
438,"ลืมตาอ้าปาก จาก ""ชาวนา"" สู่ ""ผู้ประกอบการ""",9.78974E+12,3,อ.สุรสม กฤษณะจูฑะ,HN700.55 อ353 2559
439,Tourism Information Technology,9.78178E+12,1,อ.สุวภัทร ศรีจองแสง,G155.A1 B457 2014
440,Tourism Crisis And Disaster Management In The Asia-pacific,9.78178E+12,1,อ.สุวภัทร ศรีจองแสง,G155.A74 T658 2015
441,Doing Second Language Research,9.78019E+12,1,อ.อธิคม เทียนทอง,P118.2 .B878 2002
442,An Introduction to Systemic Functional Linguistics,9.78083E+12,1,อ.อธิคม เทียนทอง,P149 .E35 2004
443,Introducing Needs Analysis and English for Specific Purposes,9.78114E+12,1,อ.อธิคม เทียนทอง,PE1128.A2 B878 2016
444,Adventure Education : Fun games and activities for children and young people,9.78114E+12,1,อ.อัจฉรา สิมลี,LB1027.25 .R612 2016
445,Key Terms in Second Language Acquisition,9.78147E+12,1,อ.อัจฉรา สิมลี,P118.2 .V38 2015
446,Global Englishes: A Resource Book for Students,9.78042E+12,1,อ.อัจฉรา สิมลี,PE2751 .J46 2015
447,Teaching and Researching : Motivation,9.78141E+12,1,อ.อัจฉรา สิมลี,P118.2 .D68 2011
448,Introducing Language And Intercultural Communication,9.78042E+12,1,อ.อัจฉรา สิมลี,P94.6 .J33 2014
449,Pronunciation for English as an International Language,9.78042E+12,1,อ.อัจฉรา สิมลี,PE1137 .L69 2015
450,"Language, Ideologies and Education",9.78042E+12,1,อ.อัจฉรา สิมลี,PE1128.A2 L287 2015
451,"Language, Literacy and Diversity",9.78042E+12,1,อ.อัจฉรา สิมลี,P40.5.L58 L36 2015
452,Translingual Practice : Global Englishes and Cosmopolitan,9.78042E+12,1,อ.อัจฉรา สิมลี,P115.45 .C36 2013
453,"Language, Society and Power : An Introduction",9.78042E+12,1,อ.อัจฉรา สิมลี,P40 .M818 2015
454,Globalising Sociolinguistics,9.78042E+12,1,อ.อัจฉรา สิมลี,P53.8 .G56 2015
455,An Introduction to Sociolinguistics,9.78141E+12,1,อ.อัจฉรา สิมลี,P40 .H66 2013
456,กฎหมายลักษณะมรดก รวมหมายเหตุท้ายคำพิพากษาฏีกา,9.78974E+12,5,คณะกรรมการบริหารจัดการฯ,KPT770 ก117กม 2554
457,คำอธิบายกฎหมายประกันสังคม,9.78974E+12,5,คณะกรรมการบริหารจัดการฯ,KPT1472 ว528 2557
458,คำอธิบายกฎหมายว่าด้วยวิธีปฏิบัติราชการทางปกครอง,9.78616E+12,5,คณะกรรมการบริหารจัดการฯ,KPT2720 ช486ค 2559
459,เจ้าพระยาอภัยราชาสยามานุกูลกิจ,9.78617E+12,2,คณะกรรมการบริหารจัดการฯ,DS578.32.J22 จ758 2555
460,กฎหมายอาญาภาคความผิด,9.78616E+12,2,คณะกรรมการบริหารจัดการฯ,KPT3878 ค129 2559
461,คำอธิบายกฎหมายวิแพ่ง ภาค 3,9.78616E+12,2,คณะกรรมการบริหารจัดการฯ,KPT1710 ป615 2557
462,กฎหมายกับเศรษฐศาสตร์ : กฎหมายทรัพย์สิน สัญญา ละเมิด และสิ่งแวดล้อม,9.78616E+12,5,คณะกรรมการบริหารจัดการฯ,K487.E3 ธ338 2559
463,ภาษีมูลค่าเพิ่ม หลักการและหลักปฏิบัติในทางระหว่างประเทศ,9.78616E+12,2,คณะกรรมการบริหารจัดการฯ,HJ5711 ส843 2559
464,รวมกฎหมายทรัพย์สินทางปัญญา,9.78616E+12,2,คณะกรรมการบริหารจัดการฯ,KPT1155 ร155 2558
465,คู่มือสอบหลักกฎหมาย ภาคทั่วไป,9.78616E+12,10,คณะกรรมการบริหารจัดการฯ,KPT3800 ธ251 2559
466,กฎหมายกับวงจรชีวิต,9.78616E+12,3,คณะกรรมการบริหารจัดการฯ,KPT72 ส274 2557
467,ระบบสารสนเทศเพื่อการจัดการ,9.78617E+12,3,คณะกรรมการบริหารจัดการฯ,T58.6 พ199
468,คำอธิบายกฎหมายวิธีพิจารณาคดีผู้บริโภค,9.78616E+12,3,คณะกรรมการบริหารจัดการฯ,KPT3276 พ993 2559
469,คำอธิบายนิติกรรม-สัญญา พร้อมคำอธิบายในส่วนพระราชบัญญัติว่าด้วยข้อสัญญาที่ไม่เป็นธรรม,9.78616E+12,3,คณะกรรมการบริหารจัดการฯ,KPT504 ศ125 2559
470,กฎหมายปกครอง ภาคทั่วไป,9.78975E+12,3,คณะกรรมการบริหารจัดการฯ,KPT2720 ว188ก
471,คำอธิบายกฎหมายวิธีพิจารณาความแพ่ง ภาค 2 ลักษณะ 2 หมวด 4 การดำเนินคดีแบบกลุ่ม,9.78616E+12,3,คณะกรรมการบริหารจัดการฯ,KPT1710 พ993 2559
472,วิธีพิจารณาคดีมโนสาเร่ กฎหมายวิธีพิจารณาความแพ่ง ลักษณะ 2 วิธีพิจารณาวิสามัญในศาลชั้นต้น,9.78616E+12,6,คณะกรรมการบริหารจัดการฯ,KPT1710 พ993 2559
473,การขนส่งสินค้าทางทะเล,9.78975E+12,6,คณะกรรมการบริหารจัดการฯ,HE571 ก136 2553
474,กฎหมายสิ่งแวดล้อม หน่วยที่ 1-7,9.78612E+12,6,คณะกรรมการบริหารจัดการฯ,KPT3127 ส747ก ล.1
475,กฎหมายสิ่งแวดล้อม หน่วยที่ 8-15,9.78617E+12,6,คณะกรรมการบริหารจัดการฯ,KPT3127 ส747ก ล.2
476,ความรู้เบื้องต้นเกี่ยวกับกฎหมายทั่วไป,9.78616E+12,6,คณะกรรมการบริหารจัดการฯ,K ห257ค 2559
477,กฎหมายกับวงจรชีวิต,9.78616E+12,3,คณะกรรมการบริหารจัดการฯ,KPT72 ส274 2557
478,ระบบสารสนเทศเพื่อการจัดการ,9.78617E+12,3,คณะกรรมการบริหารจัดการฯ,T58.6 พ199
479,คำอธิบายกฎหมายวิธีพิจารณาคดีผู้บริโภค,9.78616E+12,3,คณะกรรมการบริหารจัดการฯ,KPT3276 พ993 2559
480,คำอธิบายนิติกรรม-สัญญา พร้อมคำอธิบายในส่วนพระราชบัญญัติว่าด้วยข้อสัญญาที่ไม่เป็นธรรม,9.78616E+12,3,คณะกรรมการบริหารจัดการฯ,KPT504 ศ125 2559
481,กฎหมายปกครอง ภาคทั่วไป,9.78975E+12,3,คณะกรรมการบริหารจัดการฯ,KPT2720 ว188ก
482,คำอธิบายกฎหมายวิธีพิจารณาความแพ่ง ภาค 2 ลักษณะ 2 หมวด 4 การดำเนินคดีแบบกลุ่ม,9.78616E+12,3,คณะกรรมการบริหารจัดการฯ,KPT1710 พ993 2559
483,คู่มือกฎหมายลักษณะนิติกรรมและสัญญา,9.78616E+12,2,คณะกรรมการบริหารจัดการฯ,KPT504 ก563 2560
484,คำอธิบายกฎหมายระหว่างประเทศแผนกคดีบุคคล,9.78616E+12,3,คณะกรรมการบริหารจัดการฯ,KPT480 ป413 2556
485,หลักการและกฎเกณฑ์แห่ง พ.ร.บ.การแข่งขันทางการค้า พ.ศ. 2542,9.78617E+12,3,คณะกรรมการบริหารจัดการฯ,KPT3220 ส786
486,คำอธิบายประมวลกฎหมายแพ่งและพาณิชย์ว่าด้วยตั๋วเงิน,9.78616E+12,2,คณะกรรมการบริหารจัดการฯ,KPT938 ส517 2559
487,กฎหมายแพ่งและพาณิชย์ว่าด้วยประกันภัย,9.78616E+12,2,คณะกรรมการบริหารจัดการฯ,KPT998 419 2559
488,ความรู้เบื้องต้นเกี่ยวกับกฏหมายทั่วไป,9.78616E+12,2,คณะกรรมการบริหารจัดการฯ,K ห257ค 2559
489,ความรู้ทั่วไปเกี่ยวกับกฎหมาย,9.78616E+12,2,คณะกรรมการบริหารจัดการฯ,KPT68 ป413 2559
490,ระบบศาลและหลักทั่วไปว่าด้วยวิธีพิจารณาคดี,9.78616E+12,2,คณะกรรมการบริหารจัดการฯ,KPT1580 ส277 2559
491,คำอธิบายกฎหมายระหว่างประเทศ,9.78616E+12,2,คณะกรรมการบริหารจัดการฯ,KZ3410 ป413 2559
492,สิทธิมนุษยชนไร้พรมแดน :ปรัชญา กฎหมาย และความเป็นจริงทางสังคม,9.78974E+12,3,คณะกรรมการบริหารจัดการฯ,JC571 จ154 2559
493,กฎหมายระหว่างประเทศ ว่าด้วยลิขสิทธิ์ สิทธิบัตร และเครื่งหมายการค้า,9.78974E+12,3,คณะกรรมการบริหารจัดการฯ,KPT1155 จ216 2559
494,กฎหมายระหว่างประเทศแผนกคดีเมือง,9.78974E+12,3,คณะกรรมการบริหารจัดการฯ,JX91 อ253 2559
495,คู่มือ หนทางแก้เมื่อขาดนัดยื่นคำให้การ การขาดนัดพิจารณา และวิธีการขอให้พิจารณาคดีใหม่,9.78974E+12,3,คณะกรรมการบริหารจัดการฯ,KPT1758 จ464 2559
496,กฎหมายป้องกันและปราบปรามการค้ามนุษย์,9.78974E+12,3,คณะกรรมการบริหารจัดการฯ,KPT4224.A28 ส832 2559
497,กฎหมายอาญา :แก้ไขเพิ่มเติม ฉบับที่ 25 พ.ศ.2559 การบังคับโทษปรับ การรอการกำหนดโทษและรอการลงโทษ ฯ,9.78974E+12,3,คณะกรรมการบริหารจัดการฯ,KPT3800 ส832 2559
498,สู่สนามอัยการ,9.78974E+12,3,คณะกรรมการบริหารจัดการฯ,KPT1615 ส832 2560
499,กฎหมายวิธีพิจารณาความอาญา (ส่วนแก้ไขใหม่),9.78974E+12,3,คณะกรรมการบริหารจัดการฯ,KPT4610 ส832 2559
500,กฎหมายเกี่ยวกับการชุมนุมสาธารณะ,9.78974E+12,3,คณะกรรมการบริหารจัดการฯ,KPT2483 ส832 2559
501,ความผิดเกี่ยวกับทรัพย์ :ตามประมวลกฎหมายอาญา,9.78974E+12,3,คณะกรรมการบริหารจัดการฯ,KPT4230 ส832 2559
502,"กฎหมายวิธีพิจารณาความแพ่ง แก้ไขเพิ่มเติม ฉบับที่ 27,28,29",9.78974E+12,3,คณะกรรมการบริหารจัดการฯ,KPT1822 ส832 2558
503,กฎหมายแพ่งและพาณิชย์ :ค้ำประกัน จำนอง (เพิ่มเติม พระราชบัญญัติแก้ไขใหม่),9.78974E+12,3,คณะกรรมการบริหารจัดการฯ,KPT890 ส832 2558
504,สิทธิด้านสิ่งแวดล้อมกับรัฐธรรมนูญ,9.78974E+12,3,คณะกรรมการบริหารจัดการฯ,KPT3127 ป492 2559
505,ลักษณะของกฎหมายทรัพย์สินทางปัญญา,9.78974E+12,3,คณะกรรมการบริหารจัดการฯ,KPT1155 ช882 2559
506,หลักกฎหมายรัฐธรรมนูญ (PRINCIPLES OF CONSTITUTIONAL LAW),9.78974E+12,3,คณะกรรมการบริหารจัดการฯ,KPT2064 ม453ห 2559
507,คู่มือการฟ้องร้อง แนวทางการนำสืบ และต่อสู้ในคดีฉ้อโกง,9.78974E+12,3,คณะกรรมการบริหารจัดการฯ,KPT4258 จ464 2558
508,กฎหมายเกี่ยวกับการท่องเที่ยว,9.78974E+12,3,คณะกรรมการบริหารจัดการฯ,KPT3425 ค127 2558
509,กฎหมายการประกอบธุรกิจของคนต่างด้าว,9.78974E+12,3,คณะกรรมการบริหารจัดการฯ,KPT3028 ย842 2558
510,อายุความ :คดีแพ่ง คดีอาญา คดีแพ่งเกี่ยวเนื่องกับคดีอาญา,9.78974E+12,3,คณะกรรมการบริหารจัดการฯ,KPT507 ส284 2559
511,คดีขับรถประมาท,9.78974E+12,3,คณะกรรมการบริหารจัดการฯ,KPT3442 ส284 2551
512,หุ้นส่วนและบริษัท,9.78974E+12,3,คณะกรรมการบริหารจัดการฯ,KPT1045 ส284 2559
513,แนวทางการเขียน คำฟ้อง คำให้การ ฟ้องแย้ง คำให้การแก้ฟ้องแย้ง ร้องสอด สัญญาประนีประนอมยอมความ,9.78974E+12,3,คณะกรรมการบริหารจัดการฯ,KPT1710 ส284 2558
514,มรดก :ภาคทฤษฎี ปฎิบัติ,9.78974E+12,3,คณะกรรมการบริหารจัดการฯ,KPT770 ส284 2557
515,อายุความแพ่ง-อาญาและคดีแพ่งเกี่ยวเนื่องกับคดีอาญา,9.78974E+12,3,คณะกรรมการบริหารจัดการฯ,KPT507 ส265 2559
516,อาชญากรรมทางเศรษฐกิจ (ECONOMIC CRIME),9.78974E+12,1,คณะกรรมการบริหารจัดการฯ,HV6768 ว846 2557
517,คำอธิบายกฎหมายแรงงานเพื่อการบริหารทรัพยากรมนุษย์ (LABOUR LAW FOR HUMAN RESOURCES MANAGEMENT),9.78974E+12,1,คณะกรรมการบริหารจัดการฯ,KPT1270 พ161 2557
518,การรับฟังพยานหลักฐานคดีอาญา :บทวิเคราะห์และวิจารณ์,9.78974E+12,3,คณะกรรมการบริหารจัดการฯ,KPT1672 ธ699ก 2558
519,คำอธิบายประมวลกฎหมายแพ่งและพาณิชย์ จัดการงานนอกสั่ง ลาภมิควรได้,9.78974E+12,1,คณะกรรมการบริหารจัดการฯ,K ป412จ 2557
520,กฎหมายแพ่ง :หลักทั่วไป คำอธิบายประมวลกฎหมายแพ่งและพาณิชย์ มาตรา 4-14,9.78974E+12,3,คณะกรรมการบริหารจัดการฯ,KPT500 ป412ก 2554
521,ความรู้เบื้องต้นเกี่ยวกับกฎหมายทั่วไป (INTRODUCTION TO LAW),9.78974E+12,2,คณะกรรมการบริหารจัดการฯ,K ม453 2557
522,การศึกษากฎหมายและการตอบข้อสอบกฎหมาย  (สำหรับผู้เริ่มต้น),9.78974E+12,1,คณะกรรมการบริหารจัดการฯ,KPT70 ม453 2557
523,คำอธิบายกฎหมายที่ดิน (แก้ไขเพิ่มเติมใหม่),9.78974E+12,1,คณะกรรมการบริหารจัดการฯ,KPT683 ว275 2557
524,กฎหมายเกี่ยวกับการสื่อสารมวลชน,9.78974E+12,1,คณะกรรมการบริหารจัดการฯ,KPT3482 ค127
525,แนวคิด หลักกฎหมายและคำพิพากษา กฎหมายกับธุรกิจ (LAW AND BUSINESS),9.78974E+12,1,คณะกรรมการบริหารจัดการฯ,KPT920 ศ321 2557
526,กฎหมายกับเศรษฐศาสตร์ :ทรัพย์สิน สัญญา และละเมิด (LAW AND ECONOMICS),9.78974E+12,1,คณะกรรมการบริหารจัดการฯ,K487.E3 ศ321 2557
527,สิ่งบ่งชี้ทางภูมิศาสตร์ ทรัพย์สินทางปัญญาและสิทธิชุมชน,9.78974E+12,1,คณะกรรมการบริหารจัดการฯ,K1652 จ216 2556
528,กฎหมายคุ้มครองพันธุ์พืช PLAN VARIETY PROTECTION LAW,9.78974E+12,1,คณะกรรมการบริหารจัดการฯ,K3876 จ754
529,คำอธิบาย พระราชบัญญัติป่าไม้ พ.ศ. 2484,9.78974E+12,3,คณะกรรมการบริหารจัดการฯ,KPT3336 ย329 2556
530,คำอธิบาย พระราชบัญญัติป่าไม้ พ.ศ. 2484 (พร้อมด้วยคำพิพากษาศาลฎีกาบริบูรณ์จนถึงปัจจุบัน),9.78974E+12,3,คณะกรรมการบริหารจัดการฯ,KPT3336 ย329 2559
531,หลักการทางทฤษฎีและภาคปฎิบัติ กฎหมายวิธีพิจารณาความอาญา มาตรา 192 ( สุเนติ คงเทพ ) การซักประเด็นข้อเท็จจริงคดีอาญา :ภาคความผิดต่อชีวิต ร่างกาย,9.78974E+12,1,คณะกรรมการบริหารจัดการฯ,KPT3800 ส822 2557
532,การซักประเด็นข้อเท็จจริงคดีอาญา :ภาคความผิดต่อชีวิต ร่างกาย,9.78974E+12,3,คณะกรรมการบริหารจัดการฯ,KPT1672 ส284 2560
533,คำอธิบายประมวลกฎหมายวิธีพิจารณาความแพ่ง,9.78974E+12,3,คณะกรรมการบริหารจัดการฯ,KPT1710 จ223 2556
534,คดีความผิดอันเกิดจากการใช้เช็ค :การปฏิบัติงานคดีเช็คและความผิดเกี่ยวเนื่องกับเช็ค,9.78974E+12,3,คณะกรรมการบริหารจัดการฯ,KPT939 ช194 2559
535,คำอธิบายกฎหมายพระราชบัญญัติอนุญาโตตุลาการ พ.ศ.2545,9.78974E+12,1,คณะกรรมการบริหารจัดการฯ,KPT1829 ธ395 2558
536,นิติปรัชญาแนววิพากษ์ (CRITICAL LEGAL PHILOSOPHIES),9.78974E+12,1,คณะกรรมการบริหารจัดการฯ,K230 จ154 2555
537,หลักกฎหมายมหาชนเบื้องต้น **,9.78974E+12,1,คณะกรรมการบริหารจัดการฯ,K3150 ภ919 2557
538,คลินิกกฎหมาย :คู่มือการใช้กฎหมายแก้ปัญหาในชีวิตจริง,9.78974E+12,3,คณะกรรมการบริหารจัดการฯ,K ท238ค 2557
539,คำอธิบายกฎหมายความรับผิดต่อความเสียหายที่เกิดขึ้นจากสินค้ าที่ไม่ปลอดภัย (PRODUCTS LIABILITY LAW),9.78974E+12,2,คณะกรรมการบริหารจัดการฯ,KPT3276 ม453ค
540,คำอธิบายประมวลกฎหมายแพ่งและพาณิชย์ บรรพ 5 ว่าด้วยครอบครัว บิดา มารดาและบุตร,9.78974E+12,1,คณะกรรมการบริหารจัดการฯ,KPT587 ร387ค 2555
541,กฎหมายอาญาภาคความผิดเกี่ยวกับความเท็จการปลอมและการ แปลง,9.78974E+12,1,คณะกรรมการบริหารจัดการฯ,KPT3878 ส284
542,การชันสูตรพลิกศพและการวิสามัญฆาตกรรม,9.78974E+12,2,คณะกรรมการบริหารจัดการฯ,RA1063.4 ธ699 2556
543,คำอธิบายประมวลกฎหมายแพ่งและพาณิชย์ บรรพ 4 ทรัพย์สิน เล่ม 1 ว่าด้วยระบบทรัพย์สิน ประเภทของทรัพย์สิน,9.78974E+12,3,คณะกรรมการบริหารจัดการฯ,KPT640 ธ699 ล.1
544,คำอธิบายประมวลกฎหมายแพ่งและพาณิชย์ บรรพ 4 ทรัพย์สิน เล่ม 2 ว่าด้วยการได้มาซึ่งทรัพย์สิทธิในอสังหาริม,9.78974E+12,3,คณะกรรมการบริหารจัดการฯ,KPT640 ธ699 ล.2
545,คำอธิบายประมวลกฎหมายแพ่งและพาณิชย์ บรรพ 4 ทรัพย์สิน เล่ม 3 ว่าด้วยกรรมสิทธิ์,9.78974E+12,3,คณะกรรมการบริหารจัดการฯ,KPT640 ธ699 ล.3
546,คำอธิบายประมวลกฎหมายแพ่งและพาณิชย์ว่าด้วย ตัวแทนค้าและนายหน้า,9.78974E+12,1,คณะกรรมการบริหารจัดการฯ,K ป412ค 2556
547,คำอธิบายประมวลกฎหมายแพ่งและพาณิชย์ว่าด้วยหุ้นส่วน,9.78974E+12,1,คณะกรรมการบริหารจัดการฯ,KPT1045 ว275 2552
548,คำอธิบายกฎหมายว่าด้วยประกันภัย ประกันวินาศภัย ประกันชีวิต ประกันภัยภาคบังคับ,9.78974E+12,3,คณะกรรมการบริหารจัดการฯ,KPT998 จ634 2555
549,คำอธิบายประมวลกฎหมายแพ่งและพาณิชย์ ว่าด้วยประกันภัย,9.78974E+12,3,คณะกรรมการบริหารจัดการฯ,KPT998 ช882 2556
550,คำอธิบายประมวลกฎหมายแพ่งและพาณิชย์ บรรพ 6 ว่าด้วย มรดก,9.78974E+12,3,คณะกรรมการบริหารจัดการฯ,KPT770 อ599 2557
551,การเลิกคดีอาญา (การเปรียบเทียบคดีอาญา),9.78974E+11,1,คณะกรรมการบริหารจัดการฯ,K ธ699ก
552,ถอดความ : Code & Decode พระราชบัญญัติเพิ่มเติม ประมวลกฎหมายวิธีพิจารณาความแพ่ง (ฉบับที่ 26) พ.ศ.2558,9.78974E+12,3,คณะกรรมการบริหารจัดการฯ,KPT1710 ส822 2558
553,พระธรรมนูญศาลยุติธรรม สาระสังเขปประกอบบทบัญญั ติ สาระความรู้เกี่ยวกับเขตอำนาจศาลยุติธรรม,9.78974E+12,1,คณะกรรมการบริหารจัดการฯ,JQ1748 ช196 2557
554,ศาลกับดุลพินิจในการลงโทษ คดีเมาแล้วขับ,9.78974E+12,3,คณะกรรมการบริหารจัดการฯ,KPT3450 ศ364 2556
555,ความรู้พื้นฐานเกี่ยวกับลิขสิทธิ์ไทย,9.78974E+12,1,คณะกรรมการบริหารจัดการฯ,KPT1155 พ753
556,คดียกฟ้องจากเรื่องจริง ตอน ถามอย่างไรให้ชนะคดี,9.78616E+12,2,คณะกรรมการบริหารจัดการฯ,K5418 ช134 2558
557,หลักการและเทคนิคการเขียนงานวิจัย วิทยานิพนธ์ และรายงาน,9.78617E+12,3,คณะกรรมการบริหารจัดการฯ,LB2369 ว689 2556
558,การบริหารจัดการและการบริหารยุทธศาสตร์ของหน่วย งานของรัฐ,9.78617E+12,1,คณะกรรมการบริหารจัดการฯ,JQ1745 ว689
559,50 แนวคิด ตัวชี้วัด ตัวแบบของการบริหารจัดการแ ละการบริหารจัดการที่ยั่งยืน,9.78617E+12,2,คณะกรรมการบริหารจัดการฯ,HD37.T5 ว689 2559
560,การบริหารจัดการตามแนวคิดตะวันออก,9.78617E+12,2,คณะกรรมการบริหารจัดการฯ,HD38.2 ว689 2557
561,เทคนิคการคุมงานก่อสร้าง,9.78617E+12,1,คณะกรรมการบริหารจัดการฯ,TH438 ร113 2558
562,ประมวลกฎหมายอาญา ปี 2560 (เล่มจิ๋ว),9.78616E+12,2,คณะกรรมการบริหารจัดการฯ,KPT4610 น114 2560
563,กฎหมายภาษีอากร-ประมวลรัษฎากร ปี 2560,9.78616E+12,2,คณะกรรมการบริหารจัดการฯ,KPT3550 ก114 2560
564,รัฐธรรมนูญแห่งราชอาณาจักรไทย พุมธศักราช 2560,9.78616E+12,3,คณะกรรมการบริหารจัดการฯ,KPT2070 ร355 2560
565,คำถามพร้อมธงคำตอบ ข้อสอบคัดเลือกเพื่อบรรจุเป็นข้าราชการอัยการ ในตำแหน่งอัยการผู้ช่วยตั้งแต่ พ.ศ.2519,9.78616E+12,2,คณะกรรมการบริหารจัดการฯ,KPT70 ร122 2559
566,พระราชบัญญัติล้มละลาย ปรับปรุงใหม่ พ.ศ.2559,9.78616E+12,2,คณะกรรมการบริหารจัดการฯ,KPT1942 พ371ป 2559
567,หลักกฎหมายการคลัง,9.78616E+12,5,คณะกรรมการบริหารจัดการฯ,KPT3526 อ929 2558
568,กฎหมายทรัพย์สินทางปัญญา,9.78617E+12,3,คณะกรรมการบริหารจัดการฯ,KPT1155 ค148
569,หลักกฎหมายมรดก,9.78616E+12,3,คณะกรรมการบริหารจัดการฯ,KPT770 ม347 2558
570,ไต่สวนฉุกเฉิน ไต่สวนคุ้มครองชั่วคราว ร้องขอกันส่วน ร้องขัดทรัพย์ ร้องขอกันส่วน ร้องขัดทรัพย์ ร้องขอรับชำระหนี้จำนอง,9.78974E+12,1,คณะกรรมการบริหารจัดการฯ,KPT1749 ส284 2553
571,คำอธิบายกฎหมายลักษณะทรัพย์ : พร้อมถามตอบอัตนัยตามแนวคำพิพากษาศาลฎีกา,9.78974E+12,1,คณะกรรมการบริหารจัดการฯ,KPT640 ส355 2555
572,คู่มือศึกษาวิชากฎหมายพาณิชยนาวี,9.78616E+12,2,หมวดกฎหมายระหว่างประเทศ,KD1819 ผ951 2559
573,หลักกฎหมายบุคคล,9.78616E+12,5,หมวดกฎหมายระหว่างประเทศ,KPT511 ก675 2559
574,ทฤษฎีกฎหมายนิติปรัชญา,9.78616E+12,2,หมวดกฎหมายระหว่างประเทศ,K231 ส274 2559
575,นิติปรัชญา,9.78974E+12,2,หมวดกฎหมายระหว่างประเทศ,K230 ป472 2559
576,ทางเลือกในการระงับข้อพิพาทอนุญาโตตุลาการ,9.78616E+12,2,หมวดกฎหมายระหว่างประเทศ,KPT1829 อ165 2558
577,คำอธิบายกฎหมายการลงทุนระหว่างประเทศ,9.78974E+12,5,หมวดกฎหมายระหว่างประเทศ,KPT3405 ด839 2558
578,คำอธิบาย ปพพ.ว่าด้วยสัญญา,9.78974E+12,2,หมวดกฎหมายระหว่างประเทศ,KPT858 จ419
579,คำอธิบาย ปพพ.ว่าด้วยหุ้นส่วนและบริษัท,9.78974E+12,2,หมวดกฎหมายระหว่างประเทศ,KPT1045 ส979ป 2556
580,คำอธิบาย ปพพ.ว่าด้วยหนี้ บรรพ 2,9.78974E+12,2,หมวดกฎหมายระหว่างประเทศ,KPT810 ท672
581,คำอธิบาย ปพพ.จัดการงานนอกสั่ง ลาภมิควรได้ ละเมิด,9.78974E+12,2,หมวดกฎหมายระหว่างประเทศ,KPT864.3 จ419 2557
582,คำอธิบาย ปพพ.ค้ำประกัน จำนอง จำนำเก็บของในคลังสินค้าฯ,9.78974E+12,2,หมวดกฎหมายระหว่างประเทศ,KPT900 ส768 2556
583,กฎหมายรัฐธรรมนูญ แนวคิดและประสบการณ์ของต่างปรระเทศ,9.78616E+12,5,หมวดกฎหมายระหว่างประเทศ,KPT2110 ช486 2559
584,กฎหมายรัฐธรรมนูญจีน,9.78616E+12,2,หมวดกฎหมายระหว่างประเทศ,JQ1503 อ785 2558
585,หลักกฎหมายห้างหุ้นส่วน บริษัทจำกัด และบริษัทมหาชนจำกัด,9.78616E+12,2,หมวดกฎหมายระหว่างประเทศ,KPT1045 น157 2558
586,คำอธิบายกฎหมายลักษณะละเมิด จัดการงานนอกสั่ง ลาภมิควรได้,9.78616E+12,2,หมวดกฎหมายระหว่างประเทศ,KPT834 ศ125 2558
587,คำอธิบายกฎหมายลักษณะ ซื้อขาย แลกเปลี่ยน ให้,9.78616E+12,2,หมวดกฎหมายระหว่างประเทศ,KPT874 ศ125 2559
588,กฎหมายความรับผิดต่อความเสียหายที่เกิดขึ้นจากสินค้าที่ไม่ปลอดภัย,9.78616E+12,2,หมวดกฎหมายระหว่างประเทศ,KPT3276 ศ321 2559
589,ประวัติศาสตร์กฎหมายไทย,9.78616E+12,10,หมวดกฎหมายระหว่างประเทศ,K ส968ป 2558
590,ความรู้ทั่วไปเกี่ยวกับกฎหมาย,9.78616E+12,2,หมวดกฎหมายระหว่างประเทศ,KPT68 ร165 2559
591,คำอธิบายนิติกรรม-สัญญา พร้อมคำอธิบายในส่วนของง พ.ร.บ. ว่าด้วยข้อสัญญาที่ไม่เป็นธรรม พ.ศ. 2540,9.78616E+12,5,หมวดกฎหมายระหว่างประเทศ,KPT504 ศ125 2559
592,ความรู้กฎหมายทั่วไป คำอธิบายวิชากฎหมายแพ่ง หล ลักทั่วไป,9.78616E+12,2,หมวดกฎหมายระหว่างประเทศ,KPT500 ส274ค 2559
593,คำอธิบายกฎหมาย เช่าทรัพย์ - เช่าซื้อ,9.78616E+12,2,หมวดกฎหมายระหว่างประเทศ,KPT886.3 ศ125 2558
594,คำอธิบายตั๋วเงิน,9.78616E+12,2,หมวดกฎหมายระหว่างประเทศ,KPT938 ส447 2559
595,คำอธิบายศัพท์นิติกรรม-สัญญา,9.78616E+12,2,หมวดกฎหมายระหว่างประเทศ,KPT26 ศ125อ 2559
596,ประมวลกฎหมายวิธีพิจารณาความอาญา (ฉบับอ้างอิง) :ตัวบท คำอธิบายย่อและเอกสารอ้างอิง เรียงมาตรา,9.78616E+12,2,หมวดกฎหมายระหว่างประเทศ,KPT4610 ส854 2559
597,ถาม-ตอบ เอกเทศสัญญา 2 จ้างแรงงาน จ้างทำของ รัับขน ยืม ฝากทรัพย์ เจ้าสำนักโรงแรม ตัวแทน นายหน้า,9.78616E+12,2,หมวดกฎหมายระหว่างประเทศ,KPT874 ผ951ถ 2559
598,การคุ้มครองและรักษาสิ่งแวดล้อมทางทะเลจากภาวะมลพิษจากแหล่งบนบก,9.78616E+12,2,หมวดกฎหมายระหว่างประเทศ,KPT3127 ข634 2558
599,ความรู้ทั่วไปกฎหมายภาษี ตามประมวลรัษฎากร,9.78616E+11,2,หมวดกฎหมายระหว่างประเทศ,KPT3550 ท365 2559
600,คู่มือสอบกฎหมายปกครอง,9.78616E+12,2,หมวดกฎหมายระหว่างประเทศ,KPT2720 ส866ค 2558
601,คู่มือสอบกฎหมายรัฐธรรมนูญ,9.78616E+12,2,หมวดกฎหมายระหว่างประเทศ,KPT2070 ส866ก 2557
602,คู่มือสอบพระธรรมนูญศาลยุติธรรม,9.78616E+12,5,หมวดกฎหมายระหว่างประเทศ,KPT1572 อ261 2559
603,คำศัพท์ภาษาอังกฤษสำหรับนักกฎหมาย,9.78616E+12,2,หมวดกฎหมายระหว่างประเทศ,PE1116 ด174 2559
604,คู่มือสอบพยายหลักฐาน,9.78616E+12,5,หมวดกฎหมายระหว่างประเทศ,KPT1672 อ261 2559
605,หลักกฎหมายว่าด้วยองค์กรอัยการและพนักงานอัยการ,9.78616E+12,2,หมวดกฎหมายระหว่างประเทศ,KPT1615 ส866 2559
606,เตรียมสอบเข้านิติศาสตร์ ความรู้เบื้องต้นเกี่ยยวกับกฎหมายทั่วไป,9.78616E+12,2,หมวดกฎหมายระหว่างประเทศ,KPT68 พ274 2558
607,หลักการทำสัญญาและตัวอย่างสัญญาต่างๆ เล่ม 1,9.78616E+12,2,หมวดกฎหมายระหว่างประเทศ,KPT858 ส852 2557
608,คำถามพร้อมธงคำตอบ ข้อสอบการคัดเลือกเพื่อบรรจุเป็นข้าราชการอัยการ ในตำแหน่งอัยการผู้ช่วย,9.78616E+12,2,หมวดกฎหมายระหว่างประเทศ,KPT1615 ร122 2558
609,กฎหมายเกี่ยวกับการท่องเที่ยว,9.78974E+12,5,หมวดกฎหมายระหว่างประเทศ,KPT3425 ค127 2558
610,กฎหมายเกี่ยวกับการควบคุมและป้องกันโรคระบาดในสัตว์เลี้ยง,9.78974E+12,2,หมวดกฎหมายระหว่างประเทศ,SF780.9 ช627 2555
611,กฎหมายเกี่ยวกับการเกษตร,9.78974E+12,5,หมวดกฎหมายระหว่างประเทศ,KPT3295 อ727 2557
612,ไต้หวันในความสัมพันธ์ระหว่างประเทศ,9.78974E+12,5,หมวดกฎหมายระหว่างประเทศ,DS799.625 ส723 2558
613,เศรษฐศาสตร์การจัดการ,9.78974E+12,5,หมวดกฎหมายระหว่างประเทศ,HD30.22 น232 2558
614,วิชาสุดท้ายที่มหาวิทยาลัยไม่ได้สอน,9.78617E+12,2,หมวดกฎหมายระหว่างประเทศ,PN6129.T5 ว549 2559/20
615,นิติปรัชญา...ภาษาอังกฤษกฎหมาย,9.78617E+12,2,หมวดกฎหมายระหว่างประเทศ,K230 ค144 2558
616,อธิบายหลักกฏหมายอุทยานแห่งชาติและหลักกฎหมายที่เกี่ยวข้องกับการปฏิบัติงานด้านอุทยานและป่าไม,9.78617E+12,2,หมวดกฎหมายระหว่างประเทศ,KPT3336 ส821 2559
617,อธิบายกฎหมายป่าไม้,9.78617E+12,2,หมวดกฎหมายระหว่างประเทศ,KPT3336 ส821 2558
618,ภาษีอากรตามประมวลรัษฎากร 2559,9.78616E+12,2,หมวดกฎหมายระหว่างประเทศ,HJ2950.55 ภ491 2559
619,คำอธิบายกฎหมายว่าด้วยองค์กรอัยการและพนักงานอัยการ,9.78616E+12,5,หมวดกฎหมายระหว่างประเทศ,KPT1615 อ686 2559
620,คำอธิยายกฎหมายอุ้มบุญ,9.78616E+12,2,หมวดกฎหมายระหว่างประเทศ,KPT3117 ย158 2558
621,ประวัติศาสตร์กฎหมายไทย,9.78616E+12,2,หมวดกฎหมายระหว่างประเทศ,KPT120 อ281 2559
622,ประมวลกฎหมายอาญา ฉบับอ้างอิง,9.78616E+12,2,หมวดกฎหมายระหว่างประเทศ,KPT3800 ท189ป 2559
623,กฎหมายระหว่างประเทศ เล่ม 1,9.78616E+12,2,หมวดกฎหมายระหว่างประเทศ,KZ3410 จ637ก 2559
624,แนวทางการเขียนตอบข้อสอบกฎหมายสำหรับผู้เริ่มต้นศึกษากฎหมาย,9.78616E+12,2,หมวดกฎหมายระหว่างประเทศ,KPT70 ม628 2559
625,กฎหมายรัฐธรรมนูญ,9.78052E+12,5,หมวดกฎหมายระหว่างประเทศ,KPT2110 บ572 2559
626,International Law,9.78974E+12,5,หมวดกฎหมายระหว่างประเทศ,KZ3410 J85 2016
627,กฎหมายการเยียวยาผู้ได้รับความเสียหายจากสินค้า,9.78974E+12,5,หมวดกฎหมายระหว่างประเทศ,KPT846.5 อ165 2559
628,คำอธิบายสถาบันอุดมศึกษาเอกชน,9.78616E+12,5,หมวดกฎหมายระหว่างประเทศ,KPT3147 ด554 2558
629,คู่มือการศึกษา วิชากฎหมายการค้าระหว่างประเทศว่าด้วยการรับขนของทางทะเล,9.78616E+12,5,หมวดกฎหมายระหว่างประเทศ,KPT3470 อ353 2559
630,หลักการทำสัญญาและตัวอย่างสัญญา,9.78616E+12,2,หมวดกฎหมายอาญาและฯ,KPT858 ส852 2559
631,ศิลปะการร่างคำคู่ความ ตอน 1,9.78974E+12,2,หมวดกฎหมายอาญาและฯ,K2231 ว561 2551 ล.1
632,มุมมองใหม่ในกฎหมายอาญา,9.78616E+12,2,หมวดกฎหมายอาญาและฯ,KPT3800 ท189 2556
633,ยอมไม่ได้ (รวมเรื่องสั้นหลักกฎหมายชาวบ้าน),9.78616E+12,2,หมวดกฎหมายอาญาและฯ,KPT68 ท189 2556
634,สิทธิพื้นฐานในคดีอาญา,9.78974E+12,2,หมวดกฎหมายอาญาและฯ,KPT3800 ม484ส 2550
635,ปฏิรูปกระบวนการยุติธรรมทางอาญา,9.78974E+12,2,หมวดกฎหมายอาญาและฯ,HV9960.T5 ค129
636,ความเป็นมาและหลักการใช้นิติวิธีซิวิลลอว์,9.78616E+12,2,หมวดกฎหมายอาญาและฯ,K155 ก675 2560
637,คำอธิบายความผิดเกี่ยวกับการปลอมและการแปลงตามประมวลกฎหมายอาญา,9.78616E+12,2,หมวดกฎหมายอาญาและฯ,KPT3878 ส854
638,คำอธิบายความผิดเกี่ยวกับทรัพย์ ตามประมวลกฎหมายอาญา,9.78616E+12,5,หมวดกฎหมายอาญาและฯ,K ส854ค 2559
639,กฎหมายว่าด้วยการบังคับโทษจำคุก,9.78616E+12,5,หมวดกฎหมายอาญาและฯ,KPT3800 ธ517 2558
640,คำอธิบายกฎหมายวิธีพิจารณาความแพ่ง ภาค 3,9.78616E+12,2,หมวดกฎหมายอาญาและฯ,KPT1710 ป615 2557
641,หลักและทฤษฎีกฎหมายวิธีพิจารณาความแพ่ง เล่ม 1,9.78616E+12,2,หมวดกฎหมายอาญาและฯ,KPT1710 ว244 2556
642,อาชญวิทยาและทัณฑวิทยา,9.78616E+12,2,หมวดกฎหมายอาญาและฯ,HV6026.T5 อ514 2557
643,กฎหมายลักษณะพยาน,9.78616E+12,2,หมวดกฎหมายอาญาและฯ,KPT1672 ส867 2557
644,คำอธิบายพระราชบัญญัติส่งผู้ร้ายข้ามแดน พ.ศ.2551 หลักกฎหมายและทางปฏิบัติ.,9.78616E+12,2,หมวดกฎหมายอาญาและฯ,KPT4660 ต247 2557
645,กฎหมายราชทัณฑ์,9.78616E+12,2,หมวดกฎหมายอาญาและฯ,KPT3946 ธ517 2558
646,คำอธิบายกฎหมายอาญาภาคความผิด เล่ม 1.,9.78616E+12,2,หมวดกฎหมายอาญาและฯ,KPT3878 ค119 2559
647,คำอธิบายกฎหมายอาญา ภาคความผิด เล่ม 2.,9.78616E+12,2,หมวดกฎหมายอาญาและฯ,KPT3878 ค119 2559
648,กฎหมายอาญาชั้นสูง,9.78616E+12,4,หมวดกฎหมายอาญาและฯ,KPT3800 ป115 2559
649,ประมวลกฎหมายอาญา ฉบับหัวเรื่องเรียงมาตรา,9.78616E+12,2,หมวดกฎหมายอาญาและฯ,KPT3800 ป352ม 2557
650,ประมวลกฏหมายวิธีพิจารณาความอาญา,9.78616E+12,2,หมวดกฎหมายอาญาและฯ,KPT4610ป349อ 2555
651,ประมวลกฎหมายวิธีพิจารณาความอาญา หลักกฎหมายและะพื้นฐานการเข้าใจ,9.78616E+12,2,หมวดกฎหมายอาญาและฯ,KPT4610 ค129ป 2556
652,ประมวลกฎหมายอาญา หลักกฎหมายและพื้นฐานการเข้าใใจ,9.78616E+12,2,หมวดกฎหมายอาญาและฯ,KPT3800 ค129 2559
653,ประมวลกฎหมายอาญา ฉบับไทย-อังกฤษ,9.78616E+12,2,หมวดกฎหมายอาญาและฯ,KPT3800 ป352 2556
654,กฎหมายอาญาระหว่างประเทศ,9.78616E+12,2,หมวดกฎหมายอาญาและฯ,KZ3410 ส258 2556
655,นิติเวชศาสตร์และกฎหมายการแพทย์,9.78616E+12,2,หมวดกฎหมายอาญาและฯ,RA1027.5 น589 2557
656,เชิงทนาย,9.78616E+12,2,หมวดกฎหมายอาญาและฯ,KPT1630 ค142 2556
657,วิชาว่าความและมรรยาททนายความ,9.78616E+12,2,หมวดกฎหมายอาญาและฯ,K117 ม484 2559
658,หลักกฎหมายว่าด้วยวิธีพิจารณาความอาญาในศาลแขวง,9.78616E+12,2,หมวดกฎหมายอาญาและฯ,KPT4610 ส863 2559
659,หลักกฎหมายการคลัง,9.78616E+12,2,หมวดกฎหมายอาญาและฯ,KPT3526 อ929 2558
660,หลักกฎหมายมาตการบังคับทางอาญา,9.78616E+12,2,หมวดกฎหมายอาญาและฯ,KPT3878 ธ517
661,ทฤษฎีอาญา,9.78616E+12,2,หมวดกฎหมายอาญาและฯ,KPT3800 อ262 2556
662,การปฏิรูประบบกฎหมายไทยภายใต้อิทธิพลยุโรป,9.78616E+12,2,หมวดกฎหมายอาญาและฯ,KPT120 ก675 2556
663,คำอธิบายวิชาว่าความและศาลจำลอง,9.78616E+12,2,หมวดกฎหมายอาญาและฯ,KPT1630 จ638 2559
664,พรบ.ว่าด้วยความผิดคอมฯ,9.78974E+12,2,หมวดวิชากฎหมายเอกชนและฯ,KPT80.C65 พ371 2553
665,รวมกฎหมายคุ้มครองผู้บริโภค,9.78974E+12,3,หมวดวิชากฎหมายเอกชนและฯ,KPT3276 ร155
666,หลักกฎหมายละเมิด,9.78616E+12,2,หมวดวิชากฎหมายเอกชนและฯ,K ภ373ห 2546
667,หลักกฎหมายโรมันเบื้องต้น,9.78974E+12,2,หมวดวิชากฎหมายเอกชนและฯ,KJA147 ป241 2555
668,สัญญาผู้บริโภค,9.78974E+12,5,หมวดวิชากฎหมายเอกชนและฯ,KPT3276 ด425 2559
669,กฎหมายเอกชนเปรียบเทียบเบื้องต้น : จารีตโรมันฯ,9.78974E+12,4,หมวดวิชากฎหมายเอกชนและฯ,K584 ป241 2555
670,หลักวิชาชีพนักกฎหมาย,9.78974E+12,2,หมวดวิชากฎหมายเอกชนและฯ,K116 จ419ห 2558
671,กฎหมายทรัพย์สิน,,5,หมวดวิชากฎหมายเอกชนและฯ,KPT640 อ623 2557
672,หลักกฎหมายเอกเทศสัญญา จ้างแรงงาน จ้างทำของ รับขน,9.78974E+12,5,หมวดวิชากฎหมายเอกชนและฯ,KPT893 น157 2559
673,คำอธิบายระบบศาลและพระธรรมนูญศาลยุติธรรม,9.78616E+12,2,หมวดวิชากฎหมายเอกชนและฯ,KPT1572 พ993 2559
674,คำอธิบายกฎหมายลักษณะห้างหุ้นส่วนบริษัท,9.78616E+12,2,หมวดวิชากฎหมายเอกชนและฯ,KPT1045 ส447ค 2558
675,ความรู้เบื้องต้นเกี่ยวกับประมวลกฎหมายแพ่งและพาณิชย์,9.78616E+12,2,หมวดวิชากฎหมายเอกชนและฯ,KPT500 ค129ค 2559
676,ประมวลกฎหมายแพ่งและพาณิชย์ว่าด้วยนิติกรรมและหนี้ เล่ม 1 (ภาค 1-2),9.78616E+12,2,หมวดวิชากฎหมายเอกชนและฯ,KPT504 ส917 2559
677,ร่างสัญญาธุรกิจ,9.78616E+12,2,หมวดวิชากฎหมายเอกชนและฯ,KPT917 อ151 2559
678,การร่างสัญญาภาษาอังกฤษสำหรับนักกฎหมาย,9.78616E+12,2,หมวดวิชากฎหมายเอกชนและฯ,PE1116.L2 จ637 2558
679,ครูกฎหมาย นักกฎหมายและหลักวิชาชีพนักกฎหมาย,9.78616E+12,2,หมวดวิชากฎหมายเอกชนและฯ,KPT68 ค129ค 2558
680,บันทึกคำสัมภาษณ์พระยามานวราชเสวี,9.78616E+12,2,หมวดวิชากฎหมายเอกชนและฯ,KPT68 บ268 2557
681,กฎหมายหนี้ : หลักทั่วไป,9.78974E+12,5,หมวดวิชากฎหมายเอกชนและฯ,KPT810 ด425 2558
682,คำอธิบายกฎหมายวิธีพิจารณาคดีผู้บริโภค,9.78616E+12,5,หมวดวิชากฎหมายเอกชนและฯ,KPT3276 พ993 2559
683,คำอธิบายกฎหมายที่ดิน,9.78974E+12,2,หมวดวิชากฎหมายเอกชนและฯ,KPT683 ว275 2557
684,คำอธิบายกฎหมายแพ่งและพาณิชย์ว่าด้วยตัวแทนและนายหน้า,9.78974E+12,2,หมวดวิชากฎหมายเอกชนและฯ,K ป412ค 2556
685,คำอธิบายกฎหมายลักษณะพยาน,9.78974E+12,5,หมวดวิชากฎหมายเอกชนและฯ,KPT1672 ส979 2557
686,คำอธิบายประมวลกฎหมายแพ่งและพาณิชย์ ลักษณะละเมิด,9.78974E+12,2,หมวดวิชากฎหมายเอกชนและฯ,KPT834 พ973 2558
687,คำอธิบายประมวลกฎหมายแพ่งและพาณิชย์ ว่าด้วยหนี้,9.78974E+12,5,หมวดวิชากฎหมายเอกชนและฯ,KPT810 ส979 2556
688,อัตชีวประวัติ : เหลียวหลังแลหน้า,9.78974E+12,5,หมวดวิชากฎหมายเอกชนและฯ,DS578.32.P84 ป492อ 2559
689,อัตชีวประวัติ : ทหารชั่วคราว,9.78974E+12,5,หมวดวิชากฎหมายเอกชนและฯ,DS578.32.P84 ป492 2559
690,อาจารย์ป๋วย อึ๊งภากรณ์ กับมหาวิทยาลัยธรรมศาสตร์ :แนวคิดทางเศรษฐกิจ สังคม และการเมือง การวางรากฐาน,9.78617E+12,5,หมวดวิชากฎหมายเอกชนและฯ,DS578.32.P83 ก763 2559
691,ตัวแทน - นายหน้า,9.78616E+12,2,หมวดวิชากฎหมายเอกชนและฯ,KPT861 ผ951 2559
692,ประมวลกฎหมายรัษฎากร,9.78617E+12,5,อ.กิตติยา พรหมจันทร์,K พ935ป 2559
693,การคลังประยุกต์กับเศรษฐกิจไทยที่เปลี่ยนแปลงไป,9.78974E+12,2,อ.กิตติยา พรหมจันทร์,HJ2168 อ935 2557
694,กฎหมายภาษีอากรe,9.78617E+12,2,อ.กิตติยา พรหมจันทร์,KPT3550 ศ721 2556
695,ภาษากฎหมายไทย,9.78616E+12,3,อ.ขรรค์เพชร ชายทวีป,KPT92 ธ515ภ 2555
696,คำสอนชั้นปริญญาตรี วิธีพิจารณาความแพ่ง.,9.78974E+12,2,อ.ขรรค์เพชร ชายทวีป,KPT1710 จ371 2553
697,กฎหมายแพ่งและพาณิชย์พิสดาร (หนี้),9.78974E+12,2,อ.ขรรค์เพชร ชายทวีป,KPT810 ส674
698,ความถูกต้องตามกฎหมาย ความชอบธรรมทางการเมืองและธรรมแห่งอำนาจ,9.78616E+12,2,อ.ขรรค์เพชร ชายทวีป,K295 ล413
699,ห้องเรียนรัฐธรรมนูญนอกห้องเรียน,9.78617E+12,5,อ.ขรรค์เพชร ชายทวีป,JQ1743 ป458 2558
700,กฎหมายมหาชน : วิวัฒนาการของกฎหมายมหาชนในต่างประเทศและประเทศไทย,9.78616E+12,5,อ.ขรรค์เพชร ชายทวีป,K3150 ช486 2558
701,คำอธิบายกฎหมายว่าด้วยความรับผิดทางละเมิดของเจ้าหน้าที่และความรับผิดชอบของรัฐโดยปราศจากความผิด,9.78616E+12,2,อ.ขรรค์เพชร ชายทวีป,KPT828.5 ช486ค 2558
702,หลักพื้นฐานกฎหมายมหาชนว่าด้วยรัฐ รัฐธรรมนูญ และกฎหมาย,9.78616E+12,5,อ.ขรรค์เพชร ชายทวีป,K ก767 2559
703,คดีปกครองใกล้ตัว 9 เลื่อน ลด ปลด ย้าย,9.78616E+12,2,อ.ขรรค์เพชร ชายทวีป,KPT2735 พ784 2559
704,กฎหมายรัฐธรรมนูญ หลักพื้นฐานแห่งกฎหมายรัฐธรรมมนูญและระบอบประชาธิปไตย,9.78616E+12,2,อ.ขรรค์เพชร ชายทวีป,KPT2110 ฐ162 2559
705,ความรู้เบื้องต้นเกี่ยวกับกฎหมายเอกชนโรมัน,9.78616E+12,2,อ.ขรรค์เพชร ชายทวีป,KJA147 ศ125 2559
706,หลักกฎหมายมหาชนเบื้องต้น,9.78616E+12,2,อ.ขรรค์เพชร ชายทวีป,K3150 ส274 2559
707,สิทธิมนุษยชน : แนวคิดและการคุ้มครอง,9.78616E+12,5,อ.ขรรค์เพชร ชายทวีป,JC571 น171 2559
708,อิทธิพลของฝรั่งเศสในการปฏิรูปกฎหมายไทย,9.78616E+12,10,อ.ขรรค์เพชร ชายทวีป,KPT68 ช485 2558
709,ข้อสังเกตในการชั่งน้ำหนักพยานหลักฐานและการเขียนคำพิพากษา,9.78616E+12,2,อ.ขรรค์เพชร ชายทวีป,KPT1672 จ419 2558
710,ประวัติและผลงานของนายโทคิชิ มาซาโอะ (TOKICHI MASAO) :ที่ปรึกษากฎหมายกระทรวงยุติธรรมของสยาม,9.78616E+12,2,อ.ขรรค์เพชร ชายทวีป,KPT110 พ247 2558
711,กฎหมายสมัยอยุธยา,9.78616E+12,2,อ.ขรรค์เพชร ชายทวีป,KPT120 ส917ก 2559
712,ศาสตร์แห่งการตีความกฎหมาย,9.78974E+12,2,อ.ขรรค์เพชร ชายทวีป,KPT452 ส721 2556
713,กฎหมายคุ้มครองพันธุ์พืช,9.78974E+12,2,อ.ขรรค์เพชร ชายทวีป,K3876 จ754
714,หลักกฎหมายมหาชนเบื้องต้น/โภคิน พลกุล และคณะ,9.78974E+12,5,อ.ขรรค์เพชร ชายทวีป,K3150 ภ919 2557
715,ปรัชญากฎหมาย (ความรู้ฉบับพกพา),9.78617E+12,2,อ.ขรรค์เพชร ชายทวีป,KPT215 ว941 2558
716,ความยุติธรรม,9.78617E+12,5,อ.ขรรค์เพชร ชายทวีป,JC578 ซ519 2557
717,การใช้เหตุผลทางนิติศาสตร์,9.78974E+12,2,อ.ขรรค์เพชร ชายทวีป,KPT442 ภ668 2555
718,นิติปรัชญา,9.78974E+12,2,อ.ขรรค์เพชร ชายทวีป,K230 ป472 2559
719,หลักกฎหมายเกี่ยวกับการดำเนินการทางวินัย,9.78616E+12,5,อ.จิรศักดิ์ บางท่าไม้,KPT2720 พ526 2559
720,รวมกฎหมายก่อสร้าง,9.78616E+12,2,อ.จิรศักดิ์ บางท่าไม้,TH245.T5 ว844 2555
721,คำศัพท์ภาษาอังกฤษสำหรับนักกฎหมาย,9.78616E+12,5,อ.ศรีสดา ไพศาลสกุลชัย,PE1116.L2 ด174ค 2560
722,กฎหมายกับเศรษฐศาสตร์,9.78616E+12,2,อ.ศุภชัย วรรณเลิศสกุล,K487.E3 ธ338 2559
723,ความรู้เบื้องต้นเกี่ยวกับกฎหมายเศรษฐกิจระหว่างประเทศ,9.78974E+12,10,อ.ศุภชัย วรรณเลิศสกุล,K3943 น464 2559
724,ความรู้เบื้องต้นเกี่ยวกับกฎหมายทรัพย์สินทางปีญญา,9.78616E+12,5,อ.ศุภชัย วรรณเลิศสกุล,KPT1155 ป493 2559
